No,세션,진입일시,청산일시,방향,4대 전략 구분,진입가,청산가,최고PnL(%),청산사유,순손익(USDT),수수료(USDT)
1,아시아 (평일),2026-08-10 09:11:55,2026-08-10 22:34:58,LONG,🟢 롱 저격 (Short Liq 우위),65233.0,64688.0,0.21%,손절 (-0.80%),-2375.14,215.14
2,미국 본장 (평일),2026-08-10 22:35:28,2026-08-11 04:30:20,SHORT,🔴 숏 저격 (Long Liq 우위),64686.0,64056.0,1.36%,본전가드 (+1.00%),2753.46,216.54
3,유럽 (평일),2026-08-11 19:46:16,2026-08-12 00:42:06,SHORT,🔴 숏 저격 (Long Liq 우위),64230.0,63457.0,1.20%,2차올킬 (+1.20%),2753.35,216.65
4,미국 본장 (평일),2026-08-12 03:33:41,2026-08-12 05:00:48,SHORT,🔴 숏 저격 (Long Liq 우위),63324.0,63621.0,0.14%,반대신호 (LONG),-1481.84,215.49
5,태평양 (평일),2026-08-12 05:01:18,2026-08-12 11:57:59,LONG,🟢 롱 저격 (Short Liq 우위),63607.0,63733.0,0.47%,본전가드 (+0.20%),593.89,216.11
6,유럽 (평일),2026-08-12 21:39:44,2026-08-13 09:16:56,SHORT,🔴 숏 저격 (Long Liq 우위),64062.0,63712.0,1.17%,본전가드 (+0.50%),702.00,648.00
7,아시아 (평일),2026-08-13 14:07:48,2026-08-13 19:09:19,LONG,🟢 롱 저격 (Short Liq 우위),63864.0,63631.0,0.23%,반대신호 (SHORT),-1200.67,215.61
8,미국 본장 (평일),2026-08-14 01:39:21,2026-08-14 01:43:13,SHORT,🔴 숏 저격 (Long Liq 우위),63097.0,62884.0,0.38%,반대신호 (LONG),695.09,216.36
9,아시아 (평일),2026-08-14 15:52:45,2026-08-14 15:54:22,SHORT,🔴 숏 저격 (Long Liq 우위),63020.0,63045.0,0.01%,반대신호 (LONG),-323.07,215.96
10,아시아 (평일),2026-08-14 15:57:15,2026-08-14 23:57:35,SHORT,🔴 숏 저격 (Long Liq 우위),63008.0,62565.0,0.73%,반대신호 (LONG),1681.57,216.76
11,미국 본장 (평일),2026-08-14 23:57:45,2026-08-17 01:51:57,LONG,🟢 롱 저격 (Short Liq 우위),62608.0,63224.0,1.24%,본전가드 (+1.00%),2753.46,216.54
12,미국 본장 (주말),2026-08-17 01:52:10,2026-08-17 06:41:08,SHORT,🔴 숏 저격 (Long Liq 우위),63211.0,62858.0,0.71%,반대신호 (LONG),1291.20,216.60
13,아시아 (평일),2026-08-17 11:52:51,2026-08-17 17:05:53,LONG,🟢 롱 저격 (Short Liq 우위),63442.0,63472.0,0.43%,2시간 무위험 본전 탈출 (+0.05%),-81.05,216.05
14,미국 본장 (평일),2026-08-18 00:29:08,2026-08-18 05:29:14,LONG,🟢 롱 저격 (Short Liq 우위),64060.0,64413.0,0.86%,반대신호 (SHORT),1271.23,216.60
15,태평양 (평일),2026-08-18 05:29:24,2026-08-18 12:59:40,SHORT,🔴 숏 저격 (Long Liq 우위),64413.0,64166.0,0.57%,반대신호 (LONG),841.47,216.21
16,아시아 (평일),2026-08-18 12:59:50,2026-08-18 16:48:37,LONG,🟢 롱 저격 (Short Liq 우위),64185.0,64217.0,0.41%,2시간 무위험 본전 탈출 (+0.05%),-81.05,216.05
17,유럽 (평일),2026-08-18 20:03:23,2026-08-18 23:24:50,LONG,🟢 롱 저격 (Short Liq 우위),64319.0,64734.0,0.66%,반대신호 (SHORT),1525.40,216.70
18,미국 본장 (평일),2026-08-18 23:28:05,2026-08-19 10:43:21,LONG,🟢 롱 저격 (Short Liq 우위),64932.0,64410.0,0.19%,손절 (-0.80%),-2375.14,215.14
19,유럽 (평일),2026-08-19 21:35:49,2026-08-19 23:10:57,LONG,🟢 롱 저격 (Short Liq 우위),64666.0,65419.0,1.16%,반대신호 (SHORT),2705.37,216.63
20,미국 본장 (평일),2026-08-19 23:11:07,2026-08-19 23:15:07,SHORT,🔴 숏 저격 (Long Liq 우위),65415.0,65394.0,0.16%,반대신호 (LONG),-129.36,216.03
21,미국 본장 (평일),2026-08-19 23:38:37,2026-08-20 00:06:42,LONG,🟢 롱 저격 (Short Liq 우위),65485.0,66477.0,1.51%,2차올킬 (+1.50%),3428.19,216.81
22,미국 본장 (평일),2026-08-20 00:24:26,2026-08-20 00:27:36,LONG,🟢 롱 저격 (Short Liq 우위),67190.0,68212.0,1.52%,2차올킬 (+1.50%),3428.19,216.81
23,미국 본장 (평일),2026-08-20 00:27:58,2026-08-20 00:28:16,LONG,🟢 롱 저격 (Short Liq 우위),68900.0,68978.0,0.68%,중간 수익 보존 가드 (+0.20%),323.78,216.22
24,미국 본장 (평일),2026-08-20 00:28:26,2026-08-20 00:29:25,LONG,🟢 롱 저격 (Short Liq 우위),68893.0,68330.0,0.01%,손절 (-0.80%),-3085.96,315.69
25,미국 본장 (평일),2026-08-20 00:31:13,2026-08-20 00:35:19,LONG,🟢 롱 저격 (Short Liq 우위),67800.0,68476.0,1.21%,본전가드 (+1.00%),2753.46,216.54
26,미국 본장 (평일),2026-08-20 00:46:19,2026-08-20 01:12:53,LONG,🟢 롱 저격 (Short Liq 우위),68430.0,68564.0,0.78%,중간 수익 보존 가드 (+0.20%),323.78,216.22
27,태평양 (평일),2026-08-20 05:20:44,2026-08-20 05:50:42,LONG,🟢 롱 저격 (Short Liq 우위),68688.0,69110.0,0.61%,2차올킬 (+0.60%),1133.68,216.32
28,태평양 (평일),2026-08-20 05:50:52,2026-08-20 05:51:13,LONG,🟢 롱 저격 (Short Liq 우위),69101.0,69556.0,0.66%,2차올킬 (+0.60%),1133.68,216.32
29,태평양 (평일),2026-08-20 05:51:23,2026-08-20 05:52:06,LONG,🟢 롱 저격 (Short Liq 우위),69435.0,69080.0,0.00%,손절 (-0.50%),-1887.69,316.17
30,태평양 (평일),2026-08-20 05:52:36,2026-08-20 06:07:12,LONG,🟢 롱 저격 (Short Liq 우위),69185.0,69609.0,0.61%,2차올킬 (+0.60%),1133.68,216.32
31,태평양 (평일),2026-08-20 06:07:25,2026-08-20 06:10:53,LONG,🟢 롱 저격 (Short Liq 우위),69772.0,69415.0,0.16%,손절 (-0.50%),-1772.64,316.22
32,태평양 (평일),2026-08-20 06:11:25,2026-08-20 06:23:40,LONG,🟢 롱 저격 (Short Liq 우위),69283.0,69699.0,0.60%,2차올킬 (+0.60%),1133.68,216.32
33,태평양 (평일),2026-08-20 06:29:14,2026-08-20 06:48:14,LONG,🟢 롱 저격 (Short Liq 우위),69643.0,69758.0,0.51%,본전가드 (+0.20%),593.89,216.11
34,아시아 (평일),2026-08-20 11:54:53,2026-08-20 15:16:59,LONG,🟢 롱 저격 (Short Liq 우위),69305.0,69336.0,0.52%,2시간 무위험 본전 탈출 (+0.05%),-81.05,216.05
35,아시아 (평일),2026-08-20 16:10:52,2026-08-20 17:08:29,LONG,🟢 롱 저격 (Short Liq 우위),69926.0,70239.0,0.60%,반대신호 (SHORT),992.08,216.48
36,유럽 (평일),2026-08-20 17:09:29,2026-08-20 17:17:47,LONG,🟢 롱 저격 (Short Liq 우위),70661.0,71527.0,1.23%,2차올킬 (+1.20%),2753.35,216.65
37,유럽 (평일),2026-08-20 17:39:19,2026-08-20 18:43:25,LONG,🟢 롱 저격 (Short Liq 우위),71537.0,72026.0,0.74%,반대신호 (SHORT),1628.88,216.74
38,유럽 (평일),2026-08-20 18:43:35,2026-08-20 21:12:29,SHORT,🔴 숏 저격 (Long Liq 우위),71978.0,71838.0,0.66%,중간 수익 보존 가드 (+0.20%),323.78,216.22
39,유럽 (평일),2026-08-20 21:48:15,2026-08-20 22:30:54,LONG,🟢 롱 저격 (Short Liq 우위),71511.0,71648.0,0.82%,중간 수익 보존 가드 (+0.20%),323.78,216.22
40,태평양 (평일),2026-08-21 08:25:15,2026-08-21 09:18:25,LONG,🟢 롱 저격 (Short Liq 우위),73207.0,73653.0,0.61%,2차올킬 (+0.60%),1133.68,216.32
41,아시아 (평일),2026-08-21 09:18:49,2026-08-21 10:18:12,LONG,🟢 롱 저격 (Short Liq 우위),73720.0,74634.0,1.24%,2차올킬 (+1.20%),2483.35,216.65
42,아시아 (평일),2026-08-21 10:18:22,2026-08-21 10:32:48,LONG,🟢 롱 저격 (Short Liq 우위),74810.0,74910.0,0.28%,반대신호 (SHORT),603.83,317.17
43,아시아 (평일),2026-08-21 10:32:58,2026-08-21 10:56:49,LONG,🟢 롱 저격 (Short Liq 우위),74930.0,75301.0,1.09%,본전가드 (+0.50%),3805.65,649.35
44,아시아 (평일),2026-08-21 11:00:44,2026-08-21 12:28:09,SHORT,🔴 숏 저격 (Long Liq 우위),75015.0,74642.0,1.02%,본전가드 (+0.50%),3805.65,649.35
45,아시아 (평일),2026-08-21 12:44:36,2026-08-21 14:04:53,LONG,🟢 롱 저격 (Short Liq 우위),74683.0,74924.0,0.55%,반대신호 (SHORT),654.93,216.35
46,아시아 (평일),2026-08-21 16:10:24,2026-08-21 16:16:19,LONG,🟢 롱 저격 (Short Liq 우위),75930.0,76374.0,0.70%,반대신호 (SHORT),1362.19,216.63
47,아시아 (평일),2026-08-21 16:16:29,2026-08-21 16:17:29,SHORT,🔴 숏 저격 (Long Liq 우위),76457.0,76665.0,0.00%,반대신호 (LONG),-950.24,215.71
48,아시아 (평일),2026-08-21 16:17:59,2026-08-21 16:24:37,LONG,🟢 롱 저격 (Short Liq 우위),76604.0,76331.0,0.06%,반대신호 (SHORT),-1210.75,316.44
49,아시아 (평일),2026-08-21 16:25:07,2026-08-21 16:26:27,SHORT,🔴 숏 저격 (Long Liq 우위),76305.0,76335.0,0.01%,반대신호 (LONG),-322.11,215.96
50,아시아 (평일),2026-08-21 16:26:57,2026-08-21 17:19:18,LONG,🟢 롱 저격 (Short Liq 우위),76340.0,77259.0,1.20%,2차올킬 (+1.20%),2483.35,216.65
51,유럽 (평일),2026-08-21 17:27:02,2026-08-21 17:42:22,SHORT,🔴 숏 저격 (Long Liq 우위),77136.0,77765.0,0.13%,손절 (-0.80%),-2375.14,215.14
52,유럽 (평일),2026-08-21 17:49:49,2026-08-21 17:57:44,LONG,🟢 롱 저격 (Short Liq 우위),78064.0,79053.0,1.27%,2차올킬 (+1.20%),2753.35,216.65
53,유럽 (평일),2026-08-21 17:57:54,2026-08-21 18:00:26,LONG,🟢 롱 저격 (Short Liq 우위),78910.0,79014.0,0.72%,중간 수익 보존 가드 (+0.20%),323.78,216.22
54,유럽 (평일),2026-08-21 18:00:36,2026-08-21 18:03:17,SHORT,🔴 숏 저격 (Long Liq 우위),78778.0,77828.0,1.21%,2차올킬 (+1.20%),2753.35,216.65
55,유럽 (평일),2026-08-21 18:03:28,2026-08-21 18:07:54,SHORT,🔴 숏 저격 (Long Liq 우위),77680.0,77600.0,0.63%,중간 수익 보존 가드 (+0.20%),474.88,317.12
56,유럽 (평일),2026-08-21 18:08:19,2026-08-21 18:15:11,LONG,🟢 롱 저격 (Short Liq 우위),77499.0,77648.0,0.85%,중간 수익 보존 가드 (+0.20%),323.78,216.22
57,유럽 (평일),2026-08-21 18:57:33,2026-08-21 20:32:30,SHORT,🔴 숏 저격 (Long Liq 우위),77707.0,76766.0,1.21%,2차올킬 (+1.20%),2753.35,216.65
58,유럽 (평일),2026-08-21 20:32:40,2026-08-21 22:38:34,SHORT,🔴 숏 저격 (Long Liq 우위),76891.0,76759.0,0.83%,중간 수익 보존 가드 (+0.20%),323.78,216.22
59,태평양 (주말),2026-08-22 06:24:26,2026-08-22 06:33:18,LONG,🟢 롱 저격 (Short Liq 우위),78012.0,78413.0,0.51%,2차올킬 (+0.50%),466.07,100.93
60,아시아 (주말),2026-08-22 14:10:34,2026-08-22 14:10:52,SHORT,🔴 숏 저격 (Long Liq 우위),77500.0,76830.0,0.86%,2차올킬 (+0.80%),718.00,101.00
61,아시아 (주말),2026-08-22 14:12:04,2026-08-22 14:37:19,LONG,🟢 롱 저격 (Short Liq 우위),77179.0,77305.0,0.51%,본전가드 (+0.10%),-217.80,532.80
62,유럽 (주말),2026-08-23 19:22:22,2026-08-23 20:39:15,LONG,🟢 롱 저격 (Short Liq 우위),76897.0,77373.0,0.62%,2차올킬 (+0.60%),529.05,100.95
63,유럽 (주말),2026-08-23 20:53:49,2026-08-23 22:20:10,LONG,🟢 롱 저격 (Short Liq 우위),77346.0,77664.0,0.54%,반대신호 (SHORT),410.11,100.90
64,유럽 (주말),2026-08-23 22:20:20,2026-08-23 23:42:34,SHORT,🔴 숏 저격 (Long Liq 우위),77629.0,77147.0,0.62%,2차올킬 (+0.60%),529.05,100.95
