거래No,진입일시(KST),포지션,진입가격($),진입수량(BTC),청산일시(KST),청산가격($),보유시간(분),결과,실현손익($),수수료($),순손익($),누적잔고(USDT),당월누적수익률,신선전략명
1,2026-03-01 22:43,🟢 LONG,"66,365.57",1.0138,2026-03-01 22:55,"66,597.63",12,✅ 익절,+235.27,-40.44,+194.83,"7,194.83",+2.78%,🟢 강력한 불장 돌파 롱 (삼위일체 3대 AND / +OI)
2,2026-03-01 23:48,🟢 LONG,"66,914.26",0.9791,2026-03-02 00:10,"67,053.67",22,✅ 익절,+136.49,-39.35,+97.14,"7,291.97",+4.17%,🟢 V자 바닥 반등 저격 롱 (삼위일체 3대 AND / -OI)
3,2026-03-02 22:27,🟢 LONG,"65,842.06",1.1931,2026-03-02 22:45,"65,744.93",18,❌ 손절,-115.89,-47.10,-162.99,"7,128.98",+1.84%,🟢 강력한 불장 돌파 롱 (삼위일체 3대 AND / +OI)
4,2026-03-02 23:17,🔴 SHORT,"65,581.27",0.8399,2026-03-02 23:39,"65,721.89",22,❌ 손절,-118.11,-33.08,-151.19,"6,977.79",-0.32%,🔴 강력한 폭락 추세 숏 (삼위일체 3대 AND / +OI)
5,2026-03-03 00:08,🟢 LONG,"67,805.62",0.8781,2026-03-03 00:39,"67,944.17",31,✅ 익절,+121.66,-35.76,+85.90,"7,063.69",+0.91%,🟢 강력한 불장 돌파 롱 (삼위일체 3대 AND / +OI)
6,2026-03-03 22:37,🔴 SHORT,"66,981.12",0.8296,2026-03-03 22:55,"66,816.47",18,✅ 익절,+136.59,-33.30,+103.30,"7,166.98",+2.39%,🔴 강력한 폭락 추세 숏 (삼위일체 3대 AND / +OI)
7,2026-03-03 23:54,🟢 LONG,"66,786.72",1.1399,2026-03-04 00:18,"66,719.17",24,❌ 손절,-77.00,-45.66,-122.65,"7,044.33",+0.63%,🟢 V자 바닥 반등 저격 롱 (삼위일체 3대 AND / -OI)
8,2026-03-04 23:14,🟢 LONG,"71,807.12",0.7906,2026-03-04 23:38,"72,114.04",24,✅ 익절,+242.65,-34.14,+208.52,"7,252.85",+3.61%,🟢 V자 바닥 반등 저격 롱 (삼위일체 3대 AND / -OI)
9,2026-03-05 23:14,🟢 LONG,"72,613.91",1.0373,2026-03-05 23:47,"72,541.67",33,❌ 손절,-74.94,-45.17,-120.11,"7,132.74",+1.90%,🟢 강력한 불장 돌파 롱 (삼위일체 3대 AND / +OI)
10,2026-03-06 22:45,🟢 LONG,"69,884.03",1.1441,2026-03-06 23:19,"69,765.87",34,❌ 손절,-135.19,-47.93,-183.12,"6,949.62",-0.72%,🟢 V자 바닥 반등 저격 롱 (삼위일체 3대 AND / -OI)
11,2026-03-06 23:46,🟢 LONG,"68,616.19",0.8756,2026-03-07 00:20,"68,767.04",34,✅ 익절,+132.09,-36.09,+96.00,"7,045.62",+0.65%,🟢 강력한 불장 돌파 롱 (삼위일체 3대 AND / +OI)
12,2026-03-07 22:19,🔴 SHORT,"67,978.10",0.7338,2026-03-07 22:39,"67,659.39",20,✅ 익절,+233.87,-29.86,+204.01,"7,249.63",+3.57%,🔴 역V자 천장 덤핑 저격 숏 (삼위일체 3대 AND / -OI)
13,2026-03-07 23:16,🟢 LONG,"67,757.72",1.0466,2026-03-07 23:47,"67,890.55",31,✅ 익절,+139.02,-42.59,+96.42,"7,346.06",+4.94%,🟢 V자 바닥 반등 저격 롱 (삼위일체 3대 AND / -OI)
14,2026-03-08 00:03,🔴 SHORT,"68,010.58",0.7767,2026-03-08 00:15,"67,791.05",12,✅ 익절,+170.51,-31.64,+138.87,"7,484.93",+6.93%,🔴 역V자 천장 덤핑 저격 숏 (삼위일체 3대 AND / -OI)
15,2026-03-08 22:43,🟢 LONG,"67,043.68",1.0279,2026-03-08 23:10,"67,292.64",27,✅ 익절,+255.90,-41.43,+214.48,"7,699.40",+9.99%,🟢 V자 바닥 반등 저격 롱 (삼위일체 3대 AND / -OI)
16,2026-03-08 23:48,🟢 LONG,"67,159.53",0.9221,2026-03-09 00:13,"67,304.89",25,✅ 익절,+134.04,-37.20,+96.84,"7,796.24",+11.37%,🟢 V자 바닥 반등 저격 롱 (삼위일체 3대 AND / -OI)
17,2026-03-09 22:43,🔴 SHORT,"69,183.58",1.0162,2026-03-09 23:05,"69,006.67",22,✅ 익절,+179.78,-42.13,+137.65,"7,933.89",+13.34%,🔴 역V자 천장 덤핑 저격 숏 (삼위일체 3대 AND / -OI)
18,2026-03-09 23:46,🟢 LONG,"69,330.77",1.0191,2026-03-10 00:16,"69,199.73",30,❌ 손절,-133.54,-42.35,-175.90,"7,758.00",+10.83%,🟢 V자 바닥 반등 저격 롱 (삼위일체 3대 AND / -OI)
19,2026-03-10 23:19,🔴 SHORT,"69,594.39",0.9859,2026-03-10 23:40,"69,690.85",21,❌ 손절,-95.10,-41.20,-136.30,"7,621.70",+8.88%,🔴 강력한 폭락 추세 숏 (삼위일체 3대 AND / +OI)
20,2026-03-11 22:45,🔴 SHORT,"70,396.91",0.7667,2026-03-11 23:15,"70,239.21",30,✅ 익절,+120.91,-32.35,+88.56,"7,710.26",+10.15%,🔴 역V자 천장 덤핑 저격 숏 (삼위일체 3대 AND / -OI)
21,2026-03-11 23:52,🔴 SHORT,"70,742.69",0.9524,2026-03-12 00:23,"70,521.60",31,✅ 익절,+210.56,-40.36,+170.20,"7,880.46",+12.58%,🔴 강력한 폭락 추세 숏 (삼위일체 3대 AND / +OI)
22,2026-03-12 22:19,🔴 SHORT,"70,222.69",0.8028,2026-03-12 22:44,"70,018.08",25,✅ 익절,+164.26,-33.78,+130.49,"8,010.95",+14.44%,🔴 역V자 천장 덤핑 저격 숏 (삼위일체 3대 AND / -OI)
23,2026-03-12 23:16,🔴 SHORT,"70,426.40",1.0647,2026-03-12 23:37,"70,278.67",21,✅ 익절,+157.29,-44.94,+112.35,"8,123.30",+16.05%,🔴 강력한 폭락 추세 숏 (삼위일체 3대 AND / +OI)
24,2026-03-13 00:05,🔴 SHORT,"69,744.98",1.2016,2026-03-13 00:28,"69,839.90",23,❌ 손절,-114.06,-50.32,-164.38,"7,958.92",+13.70%,🔴 강력한 폭락 추세 숏 (삼위일체 3대 AND / +OI)
25,2026-03-13 22:39,🔴 SHORT,"72,965.50",1.0000,2026-03-13 23:02,"73,082.45",23,❌ 손절,-116.95,-43.81,-160.76,"7,798.16",+11.40%,🔴 역V자 천장 덤핑 저격 숏 (삼위일체 3대 AND / -OI)
26,2026-03-13 23:54,🟢 LONG,"72,597.55",0.8528,2026-03-14 00:18,"72,795.74",24,✅ 익절,+169.01,-37.20,+131.82,"7,929.97",+13.29%,🟢 V자 바닥 반등 저격 롱 (삼위일체 3대 AND / -OI)
27,2026-03-14 22:22,🔴 SHORT,"70,876.44",1.0509,2026-03-14 22:38,"70,718.63",16,✅ 익절,+165.85,-44.64,+121.21,"8,051.18",+15.02%,🔴 역V자 천장 덤핑 저격 숏 (삼위일체 3대 AND / -OI)
28,2026-03-14 23:12,🟢 LONG,"70,782.53",1.2660,2026-03-14 23:30,"70,906.16",18,✅ 익절,+156.51,-53.81,+102.70,"8,153.88",+16.48%,🟢 강력한 불장 돌파 롱 (삼위일체 3대 AND / +OI)
29,2026-03-15 00:06,🔴 SHORT,"70,651.02",0.8544,2026-03-15 00:16,"70,833.48",10,❌ 손절,-155.89,-36.27,-192.16,"7,961.72",+13.74%,🔴 역V자 천장 덤핑 저격 숏 (삼위일체 3대 AND / -OI)
30,2026-03-15 22:35,🟢 LONG,"71,468.76",0.9943,2026-03-15 22:50,"71,350.44",15,❌ 손절,-117.64,-42.60,-160.25,"7,801.48",+11.45%,🟢 V자 바닥 반등 저격 롱 (삼위일체 3대 AND / -OI)
31,2026-03-15 23:52,🔴 SHORT,"71,547.99",0.8042,2026-03-16 00:13,"71,364.93",21,✅ 익절,+147.22,-34.48,+112.74,"7,914.22",+13.06%,🔴 강력한 폭락 추세 숏 (삼위일체 3대 AND / +OI)
32,2026-03-16 22:41,🟢 LONG,"74,401.31",0.8104,2026-03-16 22:52,"74,213.44",11,❌ 손절,-152.25,-36.13,-188.38,"7,725.84",+10.37%,🟢 V자 바닥 반등 저격 롱 (삼위일체 3대 AND / -OI)
33,2026-03-16 23:48,🟢 LONG,"73,195.14",0.9224,2026-03-17 00:17,"73,482.53",29,✅ 익절,+265.09,-40.59,+224.50,"7,950.33",+13.58%,🟢 강력한 불장 돌파 롱 (삼위일체 3대 AND / +OI)
34,2026-03-17 22:24,🟢 LONG,"73,744.66",0.7968,2026-03-17 22:52,"73,631.20",28,❌ 손절,-90.40,-35.23,-125.63,"7,824.70",+11.78%,🟢 강력한 불장 돌파 롱 (삼위일체 3대 AND / +OI)
35,2026-03-17 23:17,🔴 SHORT,"73,574.14",0.7724,2026-03-17 23:43,"73,686.93",26,❌ 손절,-87.12,-34.12,-121.25,"7,703.46",+10.05%,🔴 역V자 천장 덤핑 저격 숏 (삼위일체 3대 AND / -OI)
36,2026-03-18 00:06,🟢 LONG,"74,560.67",1.1236,2026-03-18 00:30,"74,431.64",24,❌ 손절,-144.97,-50.22,-195.20,"7,508.26",+7.26%,🟢 V자 바닥 반등 저격 롱 (삼위일체 3대 AND / -OI)
37,2026-03-18 22:44,🔴 SHORT,"72,324.52",0.8036,2026-03-18 23:15,"72,112.53",31,✅ 익절,+170.35,-34.82,+135.53,"7,643.79",+9.20%,🔴 역V자 천장 덤핑 저격 숏 (삼위일체 3대 AND / -OI)
38,2026-03-18 23:45,🔴 SHORT,"71,579.43",0.7696,2026-03-19 00:15,"71,232.00",30,✅ 익절,+267.39,-32.97,+234.41,"7,878.21",+12.55%,🔴 강력한 폭락 추세 숏 (삼위일체 3대 AND / +OI)
39,2026-03-19 22:38,🟢 LONG,"69,313.21",0.9476,2026-03-19 22:51,"69,492.96",13,✅ 익절,+170.33,-39.46,+130.87,"8,009.08",+14.42%,🟢 강력한 불장 돌파 롱 (삼위일체 3대 AND / +OI)
40,2026-03-19 23:53,🔴 SHORT,"69,520.74",0.8205,2026-03-20 00:22,"69,370.36",29,✅ 익절,+123.38,-34.19,+89.20,"8,098.27",+15.69%,🔴 역V자 천장 덤핑 저격 숏 (삼위일체 3대 AND / -OI)
41,2026-03-20 22:35,🟢 LONG,"69,955.81",0.8982,2026-03-20 22:50,"70,227.20",15,✅ 익절,+243.76,-37.77,+205.99,"8,304.27",+18.63%,🟢 강력한 불장 돌파 롱 (삼위일체 3대 AND / +OI)
42,2026-03-20 23:49,🟢 LONG,"69,934.20",1.1017,2026-03-21 00:15,"69,792.92",26,❌ 손절,-155.65,-46.18,-201.83,"8,102.44",+15.75%,🟢 강력한 불장 돌파 롱 (삼위일체 3대 AND / +OI)
43,2026-03-21 22:18,🔴 SHORT,"70,793.89",0.9885,2026-03-21 22:52,"70,625.07",34,✅ 익절,+166.88,-41.94,+124.94,"8,227.38",+17.53%,🔴 강력한 폭락 추세 숏 (삼위일체 3대 AND / +OI)
44,2026-03-21 23:18,🟢 LONG,"70,946.68",0.8195,2026-03-21 23:47,"70,757.08",29,❌ 손절,-155.37,-34.84,-190.21,"8,037.17",+14.82%,🟢 V자 바닥 반등 저격 롱 (삼위일체 3대 AND / -OI)
45,2026-03-22 00:09,🔴 SHORT,"70,610.40",0.9831,2026-03-22 00:25,"70,774.04",16,❌ 손절,-160.88,-41.70,-202.58,"7,834.59",+11.92%,🔴 역V자 천장 덤핑 저격 숏 (삼위일체 3대 AND / -OI)
46,2026-03-22 22:22,🔴 SHORT,"68,820.00",0.9462,2026-03-22 22:48,"68,558.62",26,✅ 익절,+247.31,-39.00,+208.32,"8,042.91",+14.90%,🔴 역V자 천장 덤핑 저격 숏 (삼위일체 3대 AND / -OI)
47,2026-03-22 23:17,🟢 LONG,"68,780.81",1.2460,2026-03-22 23:28,"68,963.51",11,✅ 익절,+227.65,-51.49,+176.16,"8,219.07",+17.42%,🟢 V자 바닥 반등 저격 롱 (삼위일체 3대 AND / -OI)
48,2026-03-23 00:04,🟢 LONG,"68,790.06",1.0142,2026-03-23 00:18,"68,930.35",14,✅ 익절,+142.28,-41.90,+100.38,"8,319.45",+18.85%,🟢 V자 바닥 반등 저격 롱 (삼위일체 3대 AND / -OI)
49,2026-03-23 23:15,🔴 SHORT,"71,668.16",1.0388,2026-03-23 23:24,"71,503.29",9,✅ 익절,+171.27,-44.62,+126.65,"8,446.10",+20.66%,🔴 강력한 폭락 추세 숏 (삼위일체 3대 AND / +OI)
50,2026-03-24 22:38,🔴 SHORT,"70,677.77",1.0250,2026-03-24 23:06,"70,453.95",28,✅ 익절,+229.41,-43.40,+186.01,"8,632.11",+23.32%,🔴 강력한 폭락 추세 숏 (삼위일체 3대 AND / +OI)
51,2026-03-24 23:55,🟢 LONG,"69,948.00",1.0812,2026-03-25 00:30,"70,220.25",35,✅ 익절,+294.35,-45.46,+248.89,"8,881.00",+26.87%,🟢 V자 바닥 반등 저격 롱 (삼위일체 3대 AND / -OI)
52,2026-03-25 23:15,🟢 LONG,"71,442.38",1.3543,2026-03-25 23:23,"71,324.42",8,❌ 손절,-159.75,-58.00,-217.75,"8,663.25",+23.76%,🟢 강력한 불장 돌파 롱 (삼위일체 3대 AND / +OI)
53,2026-03-26 22:36,🟢 LONG,"69,412.82",1.3629,2026-03-26 22:52,"69,558.60",16,✅ 익절,+198.68,-56.82,+141.86,"8,805.10",+25.79%,🟢 강력한 불장 돌파 롱 (삼위일체 3대 AND / +OI)
54,2026-03-26 23:49,🔴 SHORT,"69,437.28",1.1886,2026-03-27 00:17,"69,256.53",28,✅ 익절,+214.84,-49.46,+165.38,"8,970.48",+28.15%,🔴 강력한 폭락 추세 숏 (삼위일체 3대 AND / +OI)
55,2026-03-27 22:27,🔴 SHORT,"66,690.02",1.0709,2026-03-27 22:57,"66,430.97",30,✅ 익절,+277.42,-42.77,+234.65,"9,205.14",+31.50%,🔴 역V자 천장 덤핑 저격 숏 (삼위일체 3대 AND / -OI)
56,2026-03-27 23:16,🟢 LONG,"66,319.70",1.4987,2026-03-27 23:37,"66,218.53",21,❌ 손절,-151.63,-59.59,-211.22,"8,993.92",+28.48%,🟢 강력한 불장 돌파 롱 (삼위일체 3대 AND / +OI)
57,2026-03-28 00:11,🟢 LONG,"66,222.31",1.1127,2026-03-28 00:45,"66,438.18",34,✅ 익절,+240.20,-44.28,+195.91,"9,189.83",+31.28%,🟢 강력한 불장 돌파 롱 (삼위일체 3대 AND / +OI)
58,2026-03-28 22:36,🔴 SHORT,"66,680.00",1.4014,2026-03-28 22:45,"66,804.78",9,❌ 손절,-174.86,-56.12,-230.98,"8,958.85",+27.98%,🔴 강력한 폭락 추세 숏 (삼위일체 3대 AND / +OI)
59,2026-03-28 23:49,🟢 LONG,"66,905.62",1.3668,2026-03-29 00:04,"66,770.19",15,❌ 손절,-185.11,-54.81,-239.92,"8,718.93",+24.56%,🟢 강력한 불장 돌파 롱 (삼위일체 3대 AND / +OI)
60,2026-03-29 22:27,🔴 SHORT,"66,638.00",1.1578,2026-03-29 23:02,"66,428.97",35,✅ 익절,+242.02,-46.22,+195.80,"8,914.73",+27.35%,🔴 역V자 천장 덤핑 저격 숏 (삼위일체 3대 AND / -OI)
61,2026-03-29 23:12,🔴 SHORT,"66,689.77",1.3871,2026-03-29 23:29,"66,474.30",17,✅ 익절,+298.88,-55.41,+243.46,"9,158.20",+30.83%,🔴 역V자 천장 덤핑 저격 숏 (삼위일체 3대 AND / -OI)
62,2026-03-30 00:10,🔴 SHORT,"66,629.45",1.2352,2026-03-30 00:28,"66,491.62",18,✅ 익절,+170.25,-49.33,+120.92,"9,279.11",+32.56%,🔴 강력한 폭락 추세 숏 (삼위일체 3대 AND / +OI)
63,2026-03-30 22:36,🔴 SHORT,"67,895.12",1.2787,2026-03-30 22:54,"67,672.61",18,✅ 익절,+284.52,-52.01,+232.52,"9,511.63",+35.88%,🔴 역V자 천장 덤핑 저격 숏 (삼위일체 3대 AND / -OI)
64,2026-03-30 23:54,🟢 LONG,"67,529.51",1.1616,2026-03-31 00:06,"67,685.67",12,✅ 익절,+181.39,-47.12,+134.27,"9,645.90",+37.80%,🟢 V자 바닥 반등 저격 롱 (삼위일체 3대 AND / -OI)
65,2026-03-31 23:18,🟢 LONG,"67,758.69",1.3932,2026-03-31 23:41,"67,618.00",23,❌ 손절,-196.01,-56.58,-252.59,"9,393.31",+34.19%,🟢 V자 바닥 반등 저격 롱 (삼위일체 3대 AND / -OI)
66,2026-04-01 22:45,🔴 SHORT,"68,026.54",1.2638,2026-04-01 22:54,"68,180.50",9,❌ 손절,-194.58,-51.64,-246.22,"9,147.09",+0.05%,🔴 역V자 천장 덤핑 저격 숏 (삼위일체 3대 AND / -OI)
67,2026-04-01 23:45,🟢 LONG,"68,448.19",1.1898,2026-04-02 00:05,"68,701.13",20,✅ 익절,+300.94,-48.95,+251.99,"9,399.08",+2.80%,🟢 V자 바닥 반등 저격 롱 (삼위일체 3대 AND / -OI)
68,2026-04-02 22:23,🔴 SHORT,"65,979.12",1.1649,2026-04-02 22:50,"66,083.85",27,❌ 손절,-122.00,-46.15,-168.15,"9,230.93",+0.97%,🔴 강력한 폭락 추세 숏 (삼위일체 3대 AND / +OI)
69,2026-04-02 23:19,🟢 LONG,"66,406.03",1.2492,2026-04-02 23:38,"66,590.90",19,✅ 익절,+230.94,-49.84,+181.09,"9,412.02",+2.95%,🟢 강력한 불장 돌파 롱 (삼위일체 3대 AND / +OI)
70,2026-04-03 00:05,🟢 LONG,"66,718.00",1.2733,2026-04-03 00:28,"66,961.90",23,✅ 익절,+310.56,-51.06,+259.49,"9,671.51",+5.78%,🟢 V자 바닥 반등 저격 롱 (삼위일체 3대 AND / -OI)
71,2026-04-03 22:25,🔴 SHORT,"66,717.03",1.3081,2026-04-03 22:44,"66,493.61",19,✅ 익절,+292.26,-52.28,+239.98,"9,911.50",+8.41%,🔴 역V자 천장 덤핑 저격 숏 (삼위일체 3대 AND / -OI)
72,2026-04-03 23:11,🔴 SHORT,"66,751.52",1.2148,2026-04-03 23:28,"66,839.33",17,❌ 손절,-106.67,-48.69,-155.36,"9,756.14",+6.71%,🔴 역V자 천장 덤핑 저격 숏 (삼위일체 3대 AND / -OI)
73,2026-04-04 00:08,🔴 SHORT,"66,949.72",1.2599,2026-04-04 00:29,"66,815.45",21,✅ 익절,+169.17,-50.56,+118.61,"9,874.75",+8.01%,🔴 역V자 천장 덤핑 저격 숏 (삼위일체 3대 AND / -OI)
74,2026-04-04 22:21,🔴 SHORT,"67,116.37",1.0643,2026-04-04 22:48,"67,277.10",27,❌ 손절,-171.06,-42.91,-213.97,"9,660.77",+5.67%,🔴 강력한 폭락 추세 숏 (삼위일체 3대 AND / +OI)
75,2026-04-04 23:12,🟢 LONG,"67,208.48",1.2132,2026-04-04 23:47,"67,044.88",35,❌ 손절,-198.48,-48.86,-247.34,"9,413.43",+2.96%,🟢 V자 바닥 반등 저격 롱 (삼위일체 3대 AND / -OI)
76,2026-04-05 00:07,🟢 LONG,"67,235.48",1.0077,2026-04-05 00:30,"67,497.65",23,✅ 익절,+264.19,-40.73,+223.46,"9,636.89",+5.41%,🟢 강력한 불장 돌파 롱 (삼위일체 3대 AND / +OI)
77,2026-04-05 22:35,🔴 SHORT,"66,811.18",1.5473,2026-04-05 22:52,"66,878.57",17,❌ 손절,-104.27,-62.06,-166.33,"9,470.56",+3.59%,🔴 강력한 폭락 추세 숏 (삼위일체 3대 AND / +OI)
78,2026-04-05 23:52,🔴 SHORT,"66,940.31",1.2137,2026-04-06 00:17,"67,049.54",25,❌ 손절,-132.57,-48.79,-181.36,"9,289.20",+1.60%,🔴 역V자 천장 덤핑 저격 숏 (삼위일체 3대 AND / -OI)
79,2026-04-06 23:12,🟢 LONG,"69,272.83",1.3808,2026-04-06 23:41,"69,388.84",29,✅ 익절,+160.18,-57.44,+102.74,"9,391.94",+2.73%,🟢 V자 바닥 반등 저격 롱 (삼위일체 3대 AND / -OI)
80,2026-04-07 22:24,🔴 SHORT,"68,497.34",1.2655,2026-04-07 22:36,"68,264.81",12,✅ 익절,+294.26,-51.92,+242.34,"9,634.28",+5.38%,🔴 강력한 폭락 추세 숏 (삼위일체 3대 AND / +OI)
81,2026-04-07 23:17,🔴 SHORT,"67,878.80",1.3616,2026-04-07 23:37,"68,013.85",20,❌ 손절,-183.88,-55.51,-239.39,"9,394.89",+2.76%,🔴 강력한 폭락 추세 숏 (삼위일체 3대 AND / +OI)
82,2026-04-08 00:07,🟢 LONG,"67,814.33",1.0327,2026-04-08 00:42,"68,127.31",35,✅ 익절,+323.21,-42.12,+281.09,"9,675.98",+5.83%,🟢 V자 바닥 반등 저격 롱 (삼위일체 3대 AND / -OI)
83,2026-04-08 22:21,🔴 SHORT,"72,426.33",1.0593,2026-04-08 22:49,"72,204.32",28,✅ 익절,+235.18,-45.96,+189.22,"9,865.20",+7.90%,🔴 강력한 폭락 추세 숏 (삼위일체 3대 AND / +OI)
84,2026-04-08 23:17,🟢 LONG,"71,600.91",1.5156,2026-04-08 23:45,"71,516.99",28,❌ 손절,-127.19,-65.07,-192.26,"9,672.94",+5.80%,🟢 강력한 불장 돌파 롱 (삼위일체 3대 AND / +OI)
85,2026-04-09 00:03,🟢 LONG,"70,975.57",1.2110,2026-04-09 00:38,"71,206.77",35,✅ 익절,+279.99,-51.65,+228.33,"9,901.27",+8.30%,🟢 V자 바닥 반등 저격 롱 (삼위일체 3대 AND / -OI)
86,2026-04-09 23:11,🟢 LONG,"70,684.81",1.0318,2026-04-09 23:31,"70,535.34",20,❌ 손절,-154.22,-43.71,-197.94,"9,703.33",+6.13%,🟢 강력한 불장 돌파 롱 (삼위일체 3대 AND / +OI)
87,2026-04-10 22:07,🔴 SHORT,"72,246.32",1.2125,2026-04-10 22:19,"72,047.34",12,✅ 익절,+241.26,-52.49,+188.77,"9,892.11",+8.20%,🔴 역V자 천장 덤핑 저격 숏 (삼위일체 3대 AND / -OI)
88,2026-04-10 22:57,🟢 LONG,"72,299.13",1.1999,2026-04-10 23:20,"72,532.22",23,✅ 익절,+279.68,-52.13,+227.55,"10,119.65",+10.69%,🟢 V자 바닥 반등 저격 롱 (삼위일체 3대 AND / -OI)
89,2026-04-10 23:33,🟢 LONG,"73,047.00",1.3391,2026-04-10 23:43,"72,966.32",10,❌ 손절,-108.03,-58.66,-166.69,"9,952.96",+8.86%,🟢 강력한 불장 돌파 롱 (삼위일체 3대 AND / +OI)
90,2026-04-11 00:13,🟢 LONG,"73,024.15",1.2220,2026-04-11 00:32,"72,849.24",19,❌ 손절,-213.74,-53.48,-267.22,"9,685.74",+5.94%,🟢 강력한 불장 돌파 롱 (삼위일체 3대 AND / +OI)
91,2026-04-11 22:39,🟢 LONG,"72,633.27",1.3609,2026-04-11 23:05,"72,742.40",26,✅ 익절,+148.52,-59.35,+89.16,"9,774.91",+6.92%,🟢 V자 바닥 반등 저격 롱 (삼위일체 3대 AND / -OI)
92,2026-04-11 23:46,🔴 SHORT,"72,665.47",1.1425,2026-04-12 00:06,"72,808.04",20,❌ 손절,-162.89,-49.86,-212.75,"9,562.16",+4.59%,🔴 강력한 폭락 추세 숏 (삼위일체 3대 AND / +OI)
93,2026-04-12 23:11,🟢 LONG,"71,007.66",1.3653,2026-04-12 23:26,"71,162.79",15,✅ 익절,+211.80,-58.23,+153.57,"9,715.73",+6.27%,🟢 V자 바닥 반등 저격 롱 (삼위일체 3대 AND / -OI)
94,2026-04-13 22:17,🔴 SHORT,"71,162.69",1.2545,2026-04-13 22:45,"70,967.47",28,✅ 익절,+244.91,-53.49,+191.42,"9,907.14",+8.36%,🔴 강력한 폭락 추세 숏 (삼위일체 3대 AND / +OI)
95,2026-04-13 23:13,🔴 SHORT,"71,565.28",1.2274,2026-04-13 23:43,"71,692.43",30,❌ 손절,-156.06,-52.75,-208.82,"9,698.33",+6.08%,🔴 역V자 천장 덤핑 저격 숏 (삼위일체 3대 AND / -OI)
96,2026-04-14 00:11,🔴 SHORT,"72,000.09",1.1885,2026-04-14 00:40,"71,716.73",29,✅ 익절,+336.78,-51.24,+285.53,"9,983.86",+9.20%,🔴 강력한 폭락 추세 숏 (삼위일체 3대 AND / +OI)
97,2026-04-14 23:19,🔴 SHORT,"75,553.72",1.1800,2026-04-14 23:54,"75,422.63",35,✅ 익절,+154.68,-53.45,+101.24,"10,085.10",+10.31%,🔴 강력한 폭락 추세 숏 (삼위일체 3대 AND / +OI)
98,2026-04-15 23:19,🟢 LONG,"74,160.83",1.1230,2026-04-15 23:38,"74,001.78",19,❌ 손절,-178.62,-49.92,-228.53,"9,856.57",+7.81%,🟢 V자 바닥 반등 저격 롱 (삼위일체 3대 AND / -OI)
99,2026-04-16 22:38,🔴 SHORT,"74,643.65",1.2019,2026-04-16 22:49,"74,450.61",11,✅ 익절,+232.01,-53.76,+178.25,"10,034.82",+9.76%,🔴 강력한 폭락 추세 숏 (삼위일체 3대 AND / +OI)
100,2026-04-16 23:45,🟢 LONG,"74,030.67",1.3113,2026-04-17 00:09,"74,245.61",24,✅ 익절,+281.86,-58.33,+223.53,"10,258.35",+12.20%,🟢 V자 바닥 반등 저격 롱 (삼위일체 3대 AND / -OI)
101,2026-04-17 22:45,🔴 SHORT,"76,919.99",0.9920,2026-04-17 23:15,"77,051.97",30,❌ 손절,-130.92,-45.82,-176.74,"10,081.60",+10.27%,🔴 강력한 폭락 추세 숏 (삼위일체 3대 AND / +OI)
102,2026-04-17 23:50,🔴 SHORT,"77,920.67",1.0894,2026-04-18 00:07,"77,684.78",17,✅ 익절,+256.98,-50.85,+206.12,"10,287.72",+12.52%,🔴 역V자 천장 덤핑 저격 숏 (삼위일체 3대 AND / -OI)
103,2026-04-18 22:21,🔴 SHORT,"76,212.69",1.3198,2026-04-18 22:30,"75,940.12",9,✅ 익절,+359.73,-60.24,+299.49,"10,587.21",+15.80%,🔴 역V자 천장 덤핑 저격 숏 (삼위일체 3대 AND / -OI)
104,2026-04-18 23:10,🟢 LONG,"76,145.97",1.5326,2026-04-18 23:31,"76,326.48",21,✅ 익절,+276.65,-70.10,+206.54,"10,793.75",+18.06%,🟢 V자 바닥 반등 저격 롱 (삼위일체 3대 AND / -OI)
105,2026-04-19 00:01,🟢 LONG,"76,339.69",1.4222,2026-04-19 00:09,"76,252.01",8,❌ 손절,-124.70,-65.10,-189.80,"10,603.95",+15.98%,🟢 강력한 불장 돌파 롱 (삼위일체 3대 AND / +OI)
106,2026-04-19 22:24,🔴 SHORT,"76,045.84",1.2491,2026-04-19 22:44,"75,852.23",20,✅ 익절,+241.84,-56.92,+184.92,"10,788.87",+18.01%,🔴 강력한 폭락 추세 숏 (삼위일체 3대 AND / +OI)
107,2026-04-19 23:11,🔴 SHORT,"75,761.99",1.2586,2026-04-19 23:41,"75,904.45",30,❌ 손절,-179.30,-57.27,-236.57,"10,552.30",+15.42%,🔴 역V자 천장 덤핑 저격 숏 (삼위일체 3대 AND / -OI)
108,2026-04-20 00:04,🔴 SHORT,"76,014.46",1.3646,2026-04-20 00:24,"75,836.58",20,✅ 익절,+242.74,-62.16,+180.57,"10,732.87",+17.39%,🔴 강력한 폭락 추세 숏 (삼위일체 3대 AND / +OI)
109,2026-04-20 23:14,🔴 SHORT,"75,070.99",1.3813,2026-04-20 23:45,"75,158.36",31,❌ 손절,-120.69,-62.25,-182.94,"10,549.93",+15.39%,🔴 강력한 폭락 추세 숏 (삼위일체 3대 AND / +OI)
110,2026-04-21 22:45,🟢 LONG,"75,887.42",1.5191,2026-04-21 23:00,"76,091.17",15,✅ 익절,+309.51,-69.26,+240.25,"10,790.18",+18.02%,🟢 강력한 불장 돌파 롱 (삼위일체 3대 AND / +OI)
111,2026-04-21 23:45,🟢 LONG,"76,457.65",1.2639,2026-04-22 00:00,"76,276.06",15,❌ 손절,-229.51,-57.91,-287.42,"10,502.76",+14.88%,🟢 강력한 불장 돌파 롱 (삼위일체 3대 AND / +OI)
112,2026-04-22 23:15,🔴 SHORT,"79,041.48",1.2535,2026-04-22 23:42,"78,748.80",27,✅ 익절,+366.88,-59.34,+307.54,"10,810.30",+18.24%,🔴 강력한 폭락 추세 숏 (삼위일체 3대 AND / +OI)
113,2026-04-23 22:44,🟢 LONG,"77,541.29",1.3365,2026-04-23 22:56,"77,399.64",12,❌ 손절,-189.31,-62.12,-251.44,"10,558.86",+15.49%,🟢 V자 바닥 반등 저격 롱 (삼위일체 3대 AND / -OI)
114,2026-04-23 23:55,🟢 LONG,"78,100.00",1.3316,2026-04-24 00:13,"77,938.35",18,❌ 손절,-215.25,-62.33,-277.59,"10,281.27",+12.45%,🟢 V자 바닥 반등 저격 롱 (삼위일체 3대 AND / -OI)
115,2026-04-24 22:35,🟢 LONG,"78,198.50",0.9623,2026-04-24 22:46,"78,484.99",11,✅ 익절,+275.69,-45.23,+230.46,"10,511.73",+14.97%,🟢 강력한 불장 돌파 롱 (삼위일체 3대 AND / +OI)
116,2026-04-24 23:47,🟢 LONG,"77,971.41",1.1757,2026-04-25 00:10,"77,808.28",23,❌ 손절,-191.79,-54.95,-246.74,"10,264.99",+12.28%,🟢 강력한 불장 돌파 롱 (삼위일체 3대 AND / +OI)
117,2026-04-25 23:13,🔴 SHORT,"77,640.16",1.1324,2026-04-25 23:36,"77,748.85",23,❌ 손절,-123.08,-52.79,-175.87,"10,089.12",+10.35%,🔴 강력한 폭락 추세 숏 (삼위일체 3대 AND / +OI)
118,2026-04-26 23:14,🟢 LONG,"77,958.74",1.2262,2026-04-26 23:48,"78,224.90",34,✅ 익절,+326.37,-57.45,+268.91,"10,358.03",+13.29%,🟢 V자 바닥 반등 저격 롱 (삼위일체 3대 AND / -OI)
119,2026-04-27 22:37,🔴 SHORT,"77,818.41",1.3152,2026-04-27 22:50,"77,591.66",13,✅ 익절,+298.23,-61.32,+236.91,"10,594.94",+15.88%,🔴 역V자 천장 덤핑 저격 숏 (삼위일체 3대 AND / -OI)
120,2026-04-27 23:48,🔴 SHORT,"78,235.68",0.9754,2026-04-28 00:21,"78,037.81",33,✅ 익절,+193.00,-45.73,+147.27,"10,742.21",+17.50%,🔴 역V자 천장 덤핑 저격 숏 (삼위일체 3대 AND / -OI)
121,2026-04-28 23:19,🟢 LONG,"75,983.61",1.3151,2026-04-28 23:53,"75,849.85",34,❌ 손절,-175.91,-59.90,-235.82,"10,506.39",+14.92%,🟢 강력한 불장 돌파 롱 (삼위일체 3대 AND / +OI)
122,2026-04-29 22:24,🔴 SHORT,"76,926.13",1.1617,2026-04-29 22:52,"76,663.23",28,✅ 익절,+305.42,-53.53,+251.89,"10,758.28",+17.67%,🔴 역V자 천장 덤핑 저격 숏 (삼위일체 3대 AND / -OI)
123,2026-04-29 23:14,🟢 LONG,"76,588.85",1.0393,2026-04-29 23:30,"76,825.13",16,✅ 익절,+245.57,-47.83,+197.73,"10,956.01",+19.83%,🟢 강력한 불장 돌파 롱 (삼위일체 3대 AND / +OI)
124,2026-04-30 00:06,🟢 LONG,"76,380.01",1.0374,2026-04-30 00:22,"76,152.30",16,❌ 손절,-236.23,-47.47,-283.70,"10,672.32",+16.73%,🟢 강력한 불장 돌파 롱 (삼위일체 3대 AND / +OI)
125,2026-04-30 22:42,🟢 LONG,"76,504.97",1.2485,2026-04-30 23:07,"76,687.73",25,✅ 익절,+228.17,-57.38,+170.80,"10,843.11",+18.60%,🟢 V자 바닥 반등 저격 롱 (삼위일체 3대 AND / -OI)
126,2026-04-30 23:55,🟢 LONG,"76,361.60",1.0077,2026-05-01 00:06,"76,233.64",11,❌ 손절,-128.95,-46.13,-175.08,"10,668.03",+16.68%,🟢 강력한 불장 돌파 롱 (삼위일체 3대 AND / +OI)
127,2026-05-01 22:44,🔴 SHORT,"78,259.08",1.0409,2026-05-01 23:13,"78,381.89",29,❌ 손절,-127.83,-48.91,-176.75,"10,491.29",-4.48%,🔴 강력한 폭락 추세 숏 (삼위일체 3대 AND / +OI)
128,2026-05-01 23:50,🔴 SHORT,"78,342.78",1.1145,2026-05-02 00:01,"78,120.06",11,✅ 익절,+248.22,-52.31,+195.91,"10,687.19",-2.70%,🔴 강력한 폭락 추세 숏 (삼위일체 3대 AND / +OI)
129,2026-05-02 23:19,🟢 LONG,"78,343.50",1.1679,2026-05-02 23:46,"78,510.71",27,✅ 익절,+195.29,-54.96,+140.33,"10,827.52",-1.42%,🟢 V자 바닥 반등 저격 롱 (삼위일체 3대 AND / -OI)
130,2026-05-03 23:20,🟢 LONG,"78,657.08",1.1737,2026-05-03 23:53,"78,954.26",33,✅ 익절,+348.80,-55.50,+293.30,"11,120.83",+1.25%,🟢 강력한 불장 돌파 롱 (삼위일체 3대 AND / +OI)
131,2026-05-04 22:36,🔴 SHORT,"79,079.22",1.4311,2026-05-04 22:57,"78,924.60",21,✅ 익절,+221.28,-67.84,+153.45,"11,274.27",+2.65%,🔴 역V자 천장 덤핑 저격 숏 (삼위일체 3대 AND / -OI)
132,2026-05-04 23:45,🟢 LONG,"79,680.00",1.2527,2026-05-05 00:10,"79,990.91",25,✅ 익절,+389.47,-60.01,+329.47,"11,603.74",+5.65%,🟢 V자 바닥 반등 저격 롱 (삼위일체 3대 AND / -OI)
133,2026-05-05 22:37,🟢 LONG,"81,433.46",1.1812,2026-05-05 22:46,"81,615.35",9,✅ 익절,+214.85,-57.78,+157.07,"11,760.81",+7.08%,🟢 V자 바닥 반등 저격 롱 (삼위일체 3대 AND / -OI)
134,2026-05-05 23:54,🔴 SHORT,"81,360.00",1.2588,2026-05-06 00:10,"81,493.72",16,❌ 손절,-168.33,-61.50,-229.83,"11,530.98",+4.99%,🔴 강력한 폭락 추세 숏 (삼위일체 3대 AND / +OI)
135,2026-05-06 22:42,🔴 SHORT,"81,876.42",1.2365,2026-05-06 23:06,"81,612.82",24,✅ 익절,+325.94,-60.65,+265.30,"11,796.27",+7.40%,🔴 강력한 폭락 추세 숏 (삼위일체 3대 AND / +OI)
136,2026-05-06 23:53,🔴 SHORT,"81,702.33",1.4368,2026-05-07 00:12,"81,550.35",19,✅ 익절,+218.37,-70.37,+148.00,"11,944.28",+8.75%,🔴 강력한 폭락 추세 숏 (삼위일체 3대 AND / +OI)
137,2026-05-07 22:38,🔴 SHORT,"80,737.39",1.1315,2026-05-07 23:00,"80,563.45",22,✅ 익절,+196.81,-54.75,+142.05,"12,086.33",+10.04%,🔴 역V자 천장 덤핑 저격 숏 (삼위일체 3대 AND / -OI)
138,2026-05-07 23:49,🟢 LONG,"80,215.05",1.4588,2026-05-08 00:00,"80,079.54",11,❌ 손절,-197.69,-70.15,-267.84,"11,818.49",+7.60%,🟢 강력한 불장 돌파 롱 (삼위일체 3대 AND / +OI)
139,2026-05-08 22:40,🔴 SHORT,"79,671.73",1.0485,2026-05-08 22:59,"79,328.68",19,✅ 익절,+359.69,-50.01,+309.68,"12,128.17",+10.42%,🔴 역V자 천장 덤핑 저격 숏 (삼위일체 3대 AND / -OI)
140,2026-05-08 23:49,🔴 SHORT,"80,196.01",1.5702,2026-05-08 23:58,"79,986.61",9,✅ 익절,+328.79,-75.46,+253.34,"12,381.51",+12.73%,🔴 역V자 천장 덤핑 저격 숏 (삼위일체 3대 AND / -OI)
141,2026-05-09 22:13,🔴 SHORT,"80,379.77",1.6719,2026-05-09 22:39,"80,140.29",26,✅ 익절,+400.38,-80.51,+319.87,"12,701.37",+15.64%,🔴 역V자 천장 덤핑 저격 숏 (삼위일체 3대 AND / -OI)
142,2026-05-09 22:52,🟢 LONG,"80,340.19",1.5895,2026-05-09 23:20,"80,566.93",28,✅ 익절,+360.41,-76.73,+283.68,"12,985.05",+18.22%,🟢 V자 바닥 반등 저격 롱 (삼위일체 3대 AND / -OI)
143,2026-05-09 23:38,🟢 LONG,"80,265.20",1.4326,2026-05-10 00:11,"80,118.94",33,❌ 손절,-209.53,-68.93,-278.46,"12,706.60",+15.69%,🟢 강력한 불장 돌파 롱 (삼위일체 3대 AND / +OI)
144,2026-05-10 00:17,🔴 SHORT,"80,368.36",1.3952,2026-05-10 00:45,"80,490.80",28,❌ 손절,-170.83,-67.33,-238.16,"12,468.43",+13.52%,🔴 역V자 천장 덤핑 저격 숏 (삼위일체 3대 AND / -OI)
145,2026-05-10 22:19,🟢 LONG,"80,939.84",1.0875,2026-05-10 22:35,"81,191.91",16,✅ 익절,+274.13,-52.90,+221.23,"12,689.66",+15.53%,🟢 강력한 불장 돌파 롱 (삼위일체 3대 AND / +OI)
146,2026-05-10 23:13,🔴 SHORT,"80,955.31",1.5869,2026-05-10 23:33,"81,109.23",20,❌ 손절,-244.25,-77.15,-321.41,"12,368.26",+12.61%,🔴 역V자 천장 덤핑 저격 숏 (삼위일체 3대 AND / -OI)
147,2026-05-11 00:02,🔴 SHORT,"81,032.92",1.3421,2026-05-11 00:27,"80,881.21",25,✅ 익절,+203.62,-65.19,+138.42,"12,506.68",+13.87%,🔴 역V자 천장 덤핑 저격 숏 (삼위일체 3대 AND / -OI)
148,2026-05-11 22:41,🟢 LONG,"80,988.09",1.2276,2026-05-11 23:00,"81,222.62",19,✅ 익절,+287.91,-59.74,+228.17,"12,734.85",+15.95%,🟢 V자 바닥 반등 저격 롱 (삼위일체 3대 AND / -OI)
149,2026-05-11 23:52,🔴 SHORT,"80,863.92",1.3465,2026-05-12 00:15,"80,979.88",23,❌ 손절,-156.14,-65.38,-221.52,"12,513.33",+13.93%,🔴 역V자 천장 덤핑 저격 숏 (삼위일체 3대 AND / -OI)
150,2026-05-12 22:38,🟢 LONG,"80,665.99",1.7088,2026-05-12 22:46,"80,912.62",8,✅ 익절,+421.44,-82.83,+338.60,"12,851.94",+17.01%,🟢 V자 바닥 반등 저격 롱 (삼위일체 3대 AND / -OI)
151,2026-05-12 23:50,🔴 SHORT,"80,540.08",1.3239,2026-05-13 00:04,"80,224.45",14,✅ 익절,+417.86,-63.85,+354.01,"13,205.94",+20.23%,🔴 역V자 천장 덤핑 저격 숏 (삼위일체 3대 AND / -OI)
152,2026-05-13 23:13,🔴 SHORT,"79,716.61",1.4696,2026-05-13 23:25,"79,869.15",12,❌ 손절,-224.18,-70.36,-294.54,"12,911.41",+17.55%,🔴 강력한 폭락 추세 숏 (삼위일체 3대 AND / +OI)
153,2026-05-14 22:21,🔴 SHORT,"79,891.29",1.1476,2026-05-14 22:38,"79,699.64",17,✅ 익절,+219.94,-54.94,+165.00,"13,076.40",+19.06%,🔴 강력한 폭락 추세 숏 (삼위일체 3대 AND / +OI)
154,2026-05-14 23:17,🔴 SHORT,"80,045.60",1.3986,2026-05-14 23:45,"80,225.97",28,❌ 손절,-252.27,-67.25,-319.51,"12,756.89",+16.15%,🔴 역V자 천장 덤핑 저격 숏 (삼위일체 3대 AND / -OI)
155,2026-05-15 00:10,🟢 LONG,"80,937.20",1.3986,2026-05-15 00:44,"81,074.87",34,✅ 익절,+192.55,-67.98,+124.57,"12,881.47",+17.28%,🟢 강력한 불장 돌파 롱 (삼위일체 3대 AND / +OI)
156,2026-05-15 23:17,🔴 SHORT,"79,280.01",1.7842,2026-05-15 23:31,"79,078.95",14,✅ 익절,+358.73,-84.76,+273.97,"13,155.44",+19.78%,🔴 역V자 천장 덤핑 저격 숏 (삼위일체 3대 AND / -OI)
157,2026-05-16 22:39,🟢 LONG,"77,887.15",1.6560,2026-05-16 22:53,"78,145.03",14,✅ 익절,+427.05,-77.52,+349.53,"13,504.97",+22.96%,🟢 V자 바닥 반등 저격 롱 (삼위일체 3대 AND / -OI)
158,2026-05-16 23:49,🔴 SHORT,"78,175.26",1.8119,2026-05-17 00:18,"78,011.87",29,✅ 익절,+296.04,-84.90,+211.14,"13,716.11",+24.88%,🔴 역V자 천장 덤핑 저격 숏 (삼위일체 3대 AND / -OI)
159,2026-05-17 22:43,🔴 SHORT,"78,275.80",1.8981,2026-05-17 23:07,"78,136.89",24,✅ 익절,+263.66,-89.07,+174.60,"13,890.70",+26.47%,🔴 역V자 천장 덤핑 저격 숏 (삼위일체 3대 AND / -OI)
160,2026-05-17 23:47,🔴 SHORT,"78,059.44",1.3746,2026-05-18 00:13,"78,232.13",26,❌ 손절,-237.38,-64.45,-301.84,"13,588.87",+23.72%,🔴 역V자 천장 덤핑 저격 숏 (삼위일체 3대 AND / -OI)
161,2026-05-18 23:16,🔴 SHORT,"76,759.31",1.4701,2026-05-18 23:38,"76,506.56",22,✅ 익절,+371.57,-67.59,+303.98,"13,892.85",+26.49%,🔴 강력한 폭락 추세 숏 (삼위일체 3대 AND / +OI)
162,2026-05-19 22:19,🔴 SHORT,"76,756.01",1.4317,2026-05-19 22:46,"76,577.59",27,✅ 익절,+255.45,-65.86,+189.59,"14,082.44",+28.22%,🔴 강력한 폭락 추세 숏 (삼위일체 3대 AND / +OI)
163,2026-05-19 23:18,🟢 LONG,"76,517.21",1.6819,2026-05-19 23:39,"76,383.31",21,❌ 손절,-225.21,-77.15,-302.36,"13,780.07",+25.46%,🟢 강력한 불장 돌파 롱 (삼위일체 3대 AND / +OI)
164,2026-05-20 00:05,🟢 LONG,"76,516.38",1.4041,2026-05-20 00:23,"76,345.58",18,❌ 손절,-239.82,-64.39,-304.21,"13,475.86",+22.69%,🟢 강력한 불장 돌파 롱 (삼위일체 3대 AND / +OI)
165,2026-05-20 23:18,🟢 LONG,"77,461.13",1.3301,2026-05-20 23:29,"77,273.11",11,❌ 손절,-250.08,-61.74,-311.83,"13,164.03",+19.85%,🟢 V자 바닥 반등 저격 롱 (삼위일체 3대 AND / -OI)
166,2026-05-21 22:35,🔴 SHORT,"77,191.24",1.5370,2026-05-21 22:46,"77,029.05",11,✅ 익절,+249.29,-71.11,+178.17,"13,342.21",+21.48%,🔴 강력한 폭락 추세 숏 (삼위일체 3대 AND / +OI)
167,2026-05-21 23:52,🟢 LONG,"76,975.99",1.5400,2026-05-22 00:12,"77,275.52",20,✅ 익절,+461.27,-71.26,+390.01,"13,732.21",+25.03%,🟢 V자 바닥 반등 저격 롱 (삼위일체 3대 AND / -OI)
168,2026-05-22 22:39,🔴 SHORT,"77,237.88",1.3485,2026-05-22 22:56,"76,946.27",17,✅ 익절,+393.24,-62.38,+330.86,"14,063.08",+28.04%,🔴 역V자 천장 덤핑 저격 숏 (삼위일체 3대 AND / -OI)
169,2026-05-22 23:55,🟢 LONG,"76,823.03",1.9575,2026-05-23 00:28,"77,037.13",33,✅ 익절,+419.10,-90.35,+328.74,"14,391.82",+31.03%,🟢 V자 바닥 반등 저격 롱 (삼위일체 3대 AND / -OI)
170,2026-05-23 23:12,🟢 LONG,"75,235.32",1.8786,2026-05-23 23:30,"75,379.40",18,✅ 익절,+270.68,-84.88,+185.79,"14,577.62",+32.72%,🟢 V자 바닥 반등 저격 롱 (삼위일체 3대 AND / -OI)
171,2026-05-24 22:26,🔴 SHORT,"77,068.83",1.3820,2026-05-24 22:37,"76,874.79",11,✅ 익절,+268.16,-63.83,+204.34,"14,781.95",+34.58%,🔴 역V자 천장 덤핑 저격 숏 (삼위일체 3대 AND / -OI)
172,2026-05-24 23:15,🟢 LONG,"76,521.12",1.7339,2026-05-24 23:49,"76,389.57",34,❌ 손절,-228.09,-79.54,-307.63,"14,474.32",+31.78%,🟢 V자 바닥 반등 저격 롱 (삼위일체 3대 AND / -OI)
173,2026-05-25 00:01,🔴 SHORT,"76,462.29",1.5816,2026-05-25 00:14,"76,584.67",13,❌ 손절,-193.55,-72.62,-266.17,"14,208.15",+29.36%,🔴 강력한 폭락 추세 숏 (삼위일체 3대 AND / +OI)
174,2026-05-25 22:17,🔴 SHORT,"77,354.39",1.7143,2026-05-25 22:30,"77,136.66",13,✅ 익절,+373.25,-79.45,+293.80,"14,501.95",+32.03%,🔴 역V자 천장 덤핑 저격 숏 (삼위일체 3대 AND / -OI)
175,2026-05-25 23:18,🔴 SHORT,"77,534.33",1.5645,2026-05-25 23:46,"77,733.70",28,❌ 손절,-311.91,-72.88,-384.78,"14,117.16",+28.53%,🔴 역V자 천장 덤핑 저격 숏 (삼위일체 3대 AND / -OI)
176,2026-05-26 00:07,🔴 SHORT,"77,744.00",1.9097,2026-05-26 00:23,"77,583.51",16,✅ 익절,+306.49,-88.99,+217.50,"14,334.67",+30.51%,🔴 역V자 천장 덤핑 저격 숏 (삼위일체 3대 AND / -OI)
177,2026-05-26 22:36,🔴 SHORT,"76,817.23",1.6340,2026-05-26 23:05,"76,915.84",29,❌ 손절,-161.14,-75.36,-236.50,"14,098.17",+28.36%,🔴 역V자 천장 덤핑 저격 숏 (삼위일체 3대 AND / -OI)
178,2026-05-26 23:47,🔴 SHORT,"76,932.00",1.3582,2026-05-27 00:19,"76,696.88",32,✅ 익절,+319.34,-62.60,+256.75,"14,354.91",+30.70%,🔴 역V자 천장 덤핑 저격 숏 (삼위일체 3대 AND / -OI)
179,2026-05-27 22:43,🟢 LONG,"74,895.83",1.6888,2026-05-27 22:54,"75,180.79",11,✅ 익절,+481.25,-76.03,+405.21,"14,760.13",+34.39%,🟢 강력한 불장 돌파 롱 (삼위일체 3대 AND / +OI)
180,2026-05-27 23:49,🔴 SHORT,"75,005.70",2.1663,2026-05-27 23:59,"75,150.40",10,❌ 손절,-313.47,-97.58,-411.06,"14,349.07",+30.64%,🔴 역V자 천장 덤핑 저격 숏 (삼위일체 3대 AND / -OI)
181,2026-05-28 22:25,🔴 SHORT,"73,030.56",1.7305,2026-05-28 22:47,"72,898.98",22,✅ 익절,+227.71,-75.76,+151.95,"14,501.02",+32.03%,🔴 강력한 폭락 추세 숏 (삼위일체 3대 AND / +OI)
182,2026-05-28 23:17,🟢 LONG,"73,486.26",1.8497,2026-05-28 23:31,"73,375.59",14,❌ 손절,-204.70,-81.50,-286.19,"14,214.83",+29.42%,🟢 강력한 불장 돌파 롱 (삼위일체 3대 AND / +OI)
183,2026-05-29 00:06,🔴 SHORT,"73,111.55",1.9242,2026-05-29 00:37,"72,926.83",31,✅ 익절,+355.44,-84.30,+271.14,"14,485.96",+31.89%,🔴 역V자 천장 덤핑 저격 숏 (삼위일체 3대 AND / -OI)
184,2026-05-29 23:18,🔴 SHORT,"72,876.57",1.4216,2026-05-29 23:32,"72,614.44",14,✅ 익절,+372.65,-62.05,+310.60,"14,796.56",+34.72%,🔴 역V자 천장 덤핑 저격 숏 (삼위일체 3대 AND / -OI)
185,2026-05-30 22:23,🟢 LONG,"73,803.84",1.6199,2026-05-30 22:58,"73,944.98",35,✅ 익절,+228.63,-71.80,+156.83,"14,953.39",+36.14%,🟢 강력한 불장 돌파 롱 (삼위일체 3대 AND / +OI)
186,2026-05-30 23:11,🟢 LONG,"73,981.84",1.5504,2026-05-30 23:43,"74,243.26",32,✅ 익절,+405.30,-68.94,+336.36,"15,289.75",+39.21%,🟢 강력한 불장 돌파 롱 (삼위일체 3대 AND / +OI)
187,2026-05-31 00:03,🔴 SHORT,"73,912.84",1.9008,2026-05-31 00:12,"74,083.23",9,❌ 손절,-323.89,-84.39,-408.28,"14,881.47",+35.49%,🔴 강력한 폭락 추세 숏 (삼위일체 3대 AND / +OI)
188,2026-05-31 22:38,🔴 SHORT,"73,890.53",1.5936,2026-05-31 22:52,"73,742.78",14,✅ 익절,+235.46,-70.58,+164.88,"15,046.36",+36.99%,🔴 강력한 폭락 추세 숏 (삼위일체 3대 AND / +OI)
189,2026-05-31 23:48,🟢 LONG,"73,686.90",1.6303,2026-06-01 00:23,"73,831.86",35,✅ 익절,+236.33,-72.15,+164.18,"15,210.53",+38.49%,🟢 강력한 불장 돌파 롱 (삼위일체 3대 AND / +OI)
190,2026-06-01 22:44,🔴 SHORT,"71,599.99",1.8471,2026-06-01 23:12,"71,347.80",28,✅ 익절,+465.81,-79.21,+386.60,"15,597.14",+1.80%,🔴 강력한 폭락 추세 숏 (삼위일체 3대 AND / +OI)
191,2026-06-01 23:51,🔴 SHORT,"71,504.02",1.5521,2026-06-02 00:26,"71,308.39",35,✅ 익절,+303.63,-66.50,+237.14,"15,834.27",+3.35%,🔴 역V자 천장 덤핑 저격 숏 (삼위일체 3대 AND / -OI)
192,2026-06-02 23:13,🟢 LONG,"68,626.63",2.3039,2026-06-02 23:25,"68,519.45",12,❌ 손절,-246.93,-94.79,-341.72,"15,492.55",+1.12%,🟢 V자 바닥 반등 저격 롱 (삼위일체 3대 AND / -OI)
193,2026-06-03 22:38,🔴 SHORT,"66,966.00",1.9598,2026-06-03 22:46,"66,762.12",8,✅ 익절,+399.57,-78.62,+320.94,"15,813.49",+3.21%,🔴 역V자 천장 덤핑 저격 숏 (삼위일체 3대 AND / -OI)
194,2026-06-03 23:54,🟢 LONG,"66,881.40",2.2720,2026-06-04 00:16,"66,747.95",22,❌ 손절,-303.19,-91.08,-394.27,"15,419.22",+0.64%,🟢 강력한 불장 돌파 롱 (삼위일체 3대 AND / +OI)
195,2026-06-04 22:41,🔴 SHORT,"64,063.47",1.7808,2026-06-04 22:49,"63,789.62",8,✅ 익절,+487.67,-68.30,+419.36,"15,838.58",+3.38%,🔴 강력한 폭락 추세 숏 (삼위일체 3대 AND / +OI)
196,2026-06-04 23:46,🟢 LONG,"64,026.09",1.7404,2026-06-05 00:13,"64,247.07",27,✅ 익절,+384.59,-66.97,+317.61,"16,156.20",+5.45%,🟢 V자 바닥 반등 저격 롱 (삼위일체 3대 AND / -OI)
197,2026-06-05 23:14,🔴 SHORT,"60,865.45",2.7462,2026-06-05 23:41,"60,992.11",27,❌ 손절,-347.82,-100.39,-448.22,"15,707.98",+2.52%,🔴 역V자 천장 덤핑 저격 숏 (삼위일체 3대 AND / -OI)
198,2026-06-06 22:41,🟢 LONG,"60,834.01",2.5377,2026-06-06 22:53,"60,761.90",12,❌ 손절,-182.99,-92.57,-275.56,"15,432.42",+0.73%,🟢 강력한 불장 돌파 롱 (삼위일체 3대 AND / +OI)
199,2026-06-06 23:49,🟢 LONG,"60,981.38",1.8357,2026-06-07 00:13,"60,897.27",24,❌ 손절,-154.39,-67.12,-221.51,"15,210.90",-0.72%,🟢 V자 바닥 반등 저격 롱 (삼위일체 3대 AND / -OI)
200,2026-06-07 22:36,🟢 LONG,"61,724.01",2.7224,2026-06-07 23:07,"61,888.67",31,✅ 익절,+448.27,-100.96,+347.31,"15,558.21",+1.55%,🟢 강력한 불장 돌파 롱 (삼위일체 3대 AND / +OI)
201,2026-06-07 23:50,🟢 LONG,"61,827.85",2.1056,2026-06-08 00:12,"62,081.34",22,✅ 익절,+533.76,-78.27,+455.49,"16,013.70",+4.52%,🟢 강력한 불장 돌파 롱 (삼위일체 3대 AND / +OI)
202,2026-06-08 22:36,🟢 LONG,"63,658.59",2.1589,2026-06-08 22:59,"63,858.60",23,✅ 익절,+431.81,-82.59,+349.22,"16,362.92",+6.80%,🟢 V자 바닥 반등 저격 롱 (삼위일체 3대 AND / -OI)
203,2026-06-08 23:47,🟢 LONG,"63,921.11",2.5574,2026-06-08 23:58,"64,140.66",11,✅ 익절,+561.48,-98.25,+463.23,"16,826.15",+9.82%,🟢 V자 바닥 반등 저격 롱 (삼위일체 3대 AND / -OI)
204,2026-06-09 22:44,🔴 SHORT,"62,434.00",2.4418,2026-06-09 23:04,"62,315.52",20,✅ 익절,+289.29,-91.38,+197.91,"17,024.05",+11.11%,🔴 역V자 천장 덤핑 저격 숏 (삼위일체 3대 AND / -OI)
205,2026-06-09 23:45,🔴 SHORT,"61,334.01",2.0842,2026-06-10 00:17,"61,469.13",32,❌ 손절,-281.61,-76.78,-358.39,"16,665.66",+8.78%,🔴 강력한 폭락 추세 숏 (삼위일체 3대 AND / +OI)
206,2026-06-10 22:45,🔴 SHORT,"62,310.47",1.9264,2026-06-10 23:19,"62,178.32",34,✅ 익절,+254.57,-71.94,+182.63,"16,848.29",+9.97%,🔴 강력한 폭락 추세 숏 (삼위일체 3대 AND / +OI)
207,2026-06-10 23:49,🟢 LONG,"61,940.97",1.9391,2026-06-11 00:19,"62,120.00",30,✅ 익절,+347.16,-72.17,+274.99,"17,123.28",+11.76%,🟢 강력한 불장 돌파 롱 (삼위일체 3대 AND / +OI)
208,2026-06-11 22:22,🔴 SHORT,"62,927.82",1.9099,2026-06-11 22:30,"62,650.14",8,✅ 익절,+530.34,-71.95,+458.39,"17,581.67",+14.75%,🔴 강력한 폭락 추세 숏 (삼위일체 3대 AND / +OI)
209,2026-06-11 23:09,🟢 LONG,"62,906.00",2.1203,2026-06-11 23:38,"63,069.97",29,✅ 익절,+347.66,-80.13,+267.52,"17,849.20",+16.50%,🟢 V자 바닥 반등 저격 롱 (삼위일체 3대 AND / -OI)
210,2026-06-12 00:04,🔴 SHORT,"62,707.82",2.7104,2026-06-12 00:27,"62,822.79",23,❌ 손절,-311.61,-102.07,-413.68,"17,435.52",+13.80%,🔴 강력한 폭락 추세 숏 (삼위일체 3대 AND / +OI)
211,2026-06-12 22:10,🔴 SHORT,"63,459.99",3.0301,2026-06-12 22:27,"63,258.81",17,✅ 익절,+609.60,-115.19,+494.41,"17,929.93",+17.03%,🔴 강력한 폭락 추세 숏 (삼위일체 3대 AND / +OI)
212,2026-06-12 22:52,🔴 SHORT,"63,237.99",2.5433,2026-06-12 23:01,"63,347.38",9,❌ 손절,-278.22,-96.58,-374.81,"17,555.12",+14.58%,🔴 강력한 폭락 추세 숏 (삼위일체 3대 AND / +OI)
213,2026-06-12 23:38,🟢 LONG,"63,741.56",2.3549,2026-06-13 00:03,"63,997.43",25,✅ 익절,+602.55,-90.24,+512.31,"18,067.43",+17.92%,🟢 V자 바닥 반등 저격 롱 (삼위일체 3대 AND / -OI)
214,2026-06-13 00:20,🔴 SHORT,"64,232.05",2.7950,2026-06-13 00:39,"64,108.53",19,✅ 익절,+345.24,-107.61,+237.63,"18,305.06",+19.48%,🔴 강력한 폭락 추세 숏 (삼위일체 3대 AND / +OI)
215,2026-06-13 23:12,🟢 LONG,"64,163.99",2.4684,2026-06-13 23:32,"64,052.31",20,❌ 손절,-275.67,-94.95,-370.62,"17,934.44",+17.06%,🟢 V자 바닥 반등 저격 롱 (삼위일체 3대 AND / -OI)
216,2026-06-14 22:21,🔴 SHORT,"64,320.42",2.0277,2026-06-14 22:46,"64,456.60",25,❌ 손절,-276.13,-78.34,-354.47,"17,579.97",+14.74%,🔴 강력한 폭락 추세 숏 (삼위일체 3대 AND / +OI)
217,2026-06-14 23:10,🟢 LONG,"64,307.35",2.3145,2026-06-14 23:34,"64,164.85",24,❌ 손절,-329.82,-89.20,-419.02,"17,160.94",+12.01%,🟢 V자 바닥 반등 저격 롱 (삼위일체 3대 AND / -OI)
218,2026-06-15 00:06,🟢 LONG,"64,118.00",2.3079,2026-06-15 00:38,"63,969.16",32,❌ 손절,-343.51,-88.68,-432.19,"16,728.75",+9.19%,🟢 강력한 불장 돌파 롱 (삼위일체 3대 AND / +OI)
219,2026-06-15 22:37,🔴 SHORT,"66,744.14",1.9983,2026-06-15 22:55,"66,531.38",18,✅ 익절,+425.15,-79.90,+345.25,"17,074.01",+11.44%,🔴 역V자 천장 덤핑 저격 숏 (삼위일체 3대 AND / -OI)
220,2026-06-15 23:46,🟢 LONG,"66,632.26",2.6000,2026-06-16 00:13,"66,821.76",27,✅ 익절,+492.71,-104.09,+388.61,"17,462.62",+13.98%,🟢 강력한 불장 돌파 롱 (삼위일체 3대 AND / +OI)
221,2026-06-16 22:38,🟢 LONG,"66,061.99",2.7588,2026-06-16 23:03,"66,282.75",25,✅ 익절,+609.03,-109.53,+499.49,"17,962.11",+17.24%,🟢 V자 바닥 반등 저격 롱 (삼위일체 3대 AND / -OI)
222,2026-06-16 23:48,🔴 SHORT,"65,653.40",2.4287,2026-06-17 00:02,"65,788.68",14,❌ 손절,-328.56,-95.77,-424.33,"17,537.78",+14.47%,🔴 역V자 천장 덤핑 저격 숏 (삼위일체 3대 AND / -OI)
223,2026-06-17 23:14,🔴 SHORT,"65,345.99",2.6478,2026-06-17 23:43,"65,228.17",29,✅ 익절,+311.97,-103.72,+208.25,"17,746.03",+15.83%,🔴 역V자 천장 덤핑 저격 숏 (삼위일체 3대 AND / -OI)
224,2026-06-18 22:27,🟢 LONG,"64,353.49",2.9790,2026-06-18 22:52,"64,283.80",25,❌ 손절,-207.59,-114.96,-322.56,"17,423.48",+13.72%,🟢 V자 바닥 반등 저격 롱 (삼위일체 3대 AND / -OI)
225,2026-06-18 23:13,🔴 SHORT,"63,753.59",2.6852,2026-06-18 23:46,"63,839.02",33,❌ 손절,-229.40,-102.78,-332.18,"17,091.30",+11.55%,🔴 강력한 폭락 추세 숏 (삼위일체 3대 AND / +OI)
226,2026-06-19 00:10,🔴 SHORT,"63,702.01",2.3200,2026-06-19 00:38,"63,580.78",28,✅ 익절,+281.25,-88.59,+192.66,"17,283.96",+12.81%,🔴 역V자 천장 덤핑 저격 숏 (삼위일체 3대 AND / -OI)
227,2026-06-19 23:20,🟢 LONG,"63,044.00",2.5435,2026-06-19 23:39,"63,199.16",19,✅ 익절,+394.65,-96.33,+298.32,"17,582.27",+14.76%,🟢 V자 바닥 반등 저격 롱 (삼위일체 3대 AND / -OI)
228,2026-06-20 22:17,🔴 SHORT,"63,586.00",2.0557,2026-06-20 22:34,"63,302.13",17,✅ 익절,+583.55,-78.25,+505.30,"18,087.57",+18.06%,🔴 역V자 천장 덤핑 저격 숏 (삼위일체 3대 AND / -OI)
229,2026-06-20 22:53,🔴 SHORT,"63,425.60",2.5469,2026-06-20 23:07,"63,218.03",14,✅ 익절,+528.66,-96.76,+431.90,"18,519.47",+20.87%,🔴 역V자 천장 덤핑 저격 숏 (삼위일체 3대 AND / -OI)
230,2026-06-20 23:37,🔴 SHORT,"63,444.00",2.7228,2026-06-21 00:08,"63,534.45",31,❌ 손절,-246.27,-103.72,-349.99,"18,169.48",+18.59%,🔴 강력한 폭락 추세 숏 (삼위일체 3대 AND / +OI)
231,2026-06-21 00:23,🔴 SHORT,"64,200.82",2.7437,2026-06-21 00:44,"64,067.00",21,✅ 익절,+367.17,-105.58,+261.59,"18,431.07",+20.30%,🔴 강력한 폭락 추세 숏 (삼위일체 3대 AND / +OI)
232,2026-06-21 22:40,🟢 LONG,"64,044.72",2.7648,2026-06-21 22:53,"64,203.93",13,✅ 익절,+440.17,-106.37,+333.80,"18,764.87",+22.48%,🟢 강력한 불장 돌파 롱 (삼위일체 3대 AND / +OI)
233,2026-06-21 23:51,🟢 LONG,"64,081.99",2.2041,2026-06-22 00:12,"64,245.20",21,✅ 익절,+359.74,-84.85,+274.89,"19,039.75",+24.27%,🟢 V자 바닥 반등 저격 롱 (삼위일체 3대 AND / -OI)
234,2026-06-22 22:24,🟢 LONG,"65,107.83",2.6536,2026-06-22 22:33,"65,031.67",9,❌ 손절,-202.11,-103.60,-305.71,"18,734.05",+22.28%,🟢 강력한 불장 돌파 롱 (삼위일체 3대 AND / +OI)
235,2026-06-22 23:14,🟢 LONG,"65,295.46",2.6365,2026-06-22 23:25,"65,177.72",11,❌ 손절,-310.42,-103.20,-413.61,"18,320.43",+19.58%,🟢 강력한 불장 돌파 롱 (삼위일체 3대 AND / +OI)
236,2026-06-23 00:11,🔴 SHORT,"65,071.53",2.0290,2026-06-23 00:32,"64,814.85",21,✅ 익절,+520.80,-79.06,+441.74,"18,762.17",+22.46%,🔴 역V자 천장 덤핑 저격 숏 (삼위일체 3대 AND / -OI)
237,2026-06-23 22:24,🟢 LONG,"62,117.15",2.6901,2026-06-23 22:38,"62,304.45",14,✅ 익절,+503.85,-100.41,+403.44,"19,165.61",+25.09%,🟢 강력한 불장 돌파 롱 (삼위일체 3대 AND / +OI)
238,2026-06-23 23:13,🟢 LONG,"62,562.96",3.3975,2026-06-23 23:34,"62,691.04",21,✅ 익절,+435.17,-127.67,+307.50,"19,473.12",+27.10%,🟢 강력한 불장 돌파 롱 (삼위일체 3대 AND / +OI)
239,2026-06-24 00:09,🔴 SHORT,"62,354.33",2.2234,2026-06-24 00:28,"62,162.83",19,✅ 익절,+425.78,-83.06,+342.73,"19,815.84",+29.34%,🔴 강력한 폭락 추세 숏 (삼위일체 3대 AND / +OI)
240,2026-06-24 23:18,🟢 LONG,"61,101.56",2.8673,2026-06-24 23:51,"61,001.26",33,❌ 손절,-287.58,-105.03,-392.61,"19,423.23",+26.77%,🟢 강력한 불장 돌파 롱 (삼위일체 3대 AND / +OI)
241,2026-06-25 23:13,🟢 LONG,"59,450.00",3.1224,2026-06-25 23:21,"59,621.88",8,✅ 익절,+536.68,-111.54,+425.14,"19,848.37",+29.55%,🟢 강력한 불장 돌파 롱 (삼위일체 3대 AND / +OI)
242,2026-06-26 22:42,🟢 LONG,"59,383.99",2.3877,2026-06-26 23:12,"59,647.83",30,✅ 익절,+629.97,-85.26,+544.71,"20,393.08",+33.10%,🟢 강력한 불장 돌파 롱 (삼위일체 3대 AND / +OI)
243,2026-06-26 23:52,🟢 LONG,"59,694.01",3.8288,2026-06-27 00:13,"59,841.92",21,✅ 익절,+566.33,-137.30,+429.03,"20,822.11",+35.90%,🟢 강력한 불장 돌파 롱 (삼위일체 3대 AND / +OI)
244,2026-06-27 22:43,🟢 LONG,"60,584.96",3.5750,2026-06-27 23:07,"60,508.61",24,❌ 손절,-272.96,-129.87,-402.83,"20,419.28",+33.27%,🟢 V자 바닥 반등 저격 롱 (삼위일체 3대 AND / -OI)
245,2026-06-27 23:49,🔴 SHORT,"60,656.41",2.7541,2026-06-28 00:17,"60,803.46",28,❌ 손절,-404.99,-100.35,-505.35,"19,913.93",+29.98%,🔴 역V자 천장 덤핑 저격 숏 (삼위일체 3대 AND / -OI)
246,2026-06-28 22:45,🟢 LONG,"60,100.00",2.9022,2026-06-28 23:05,"59,998.26",20,❌ 손절,-295.27,-104.56,-399.84,"19,514.10",+27.37%,🟢 V자 바닥 반등 저격 롱 (삼위일체 3대 AND / -OI)
247,2026-06-28 23:45,🔴 SHORT,"60,084.00",3.1727,2026-06-28 23:59,"59,914.46",14,✅ 익절,+537.91,-114.22,+423.69,"19,937.79",+30.13%,🔴 역V자 천장 덤핑 저격 숏 (삼위일체 3대 AND / -OI)
248,2026-06-29 23:14,🟢 LONG,"59,090.91",2.8652,2026-06-29 23:22,"59,324.29",8,✅ 익절,+668.67,-101.78,+566.89,"20,504.68",+33.83%,🟢 강력한 불장 돌파 롱 (삼위일체 3대 AND / +OI)
249,2026-06-30 22:19,🟢 LONG,"58,540.01",3.8325,2026-06-30 22:37,"58,478.67",18,❌ 손절,-235.08,-134.54,-369.62,"20,135.06",+31.42%,🟢 V자 바닥 반등 저격 롱 (삼위일체 3대 AND / -OI)
250,2026-06-30 23:11,🟢 LONG,"58,968.43",3.0603,2026-06-30 23:44,"58,833.51",33,❌ 손절,-412.88,-108.15,-521.04,"19,614.02",+28.02%,🟢 V자 바닥 반등 저격 롱 (삼위일체 3대 AND / -OI)
251,2026-07-01 00:05,🔴 SHORT,"58,242.84",3.3601,2026-07-01 00:25,"58,370.81",20,❌ 손절,-429.99,-117.55,-547.54,"19,066.48",+24.45%,🔴 역V자 천장 덤핑 저격 숏 (삼위일체 3대 AND / -OI)
252,2026-07-01 22:39,🟢 LONG,"58,856.44",2.8098,2026-07-01 22:57,"59,030.10",18,✅ 익절,+487.95,-99.37,+388.58,"19,455.06",-2.45%,🟢 V자 바닥 반등 저격 롱 (삼위일체 3대 AND / -OI)
253,2026-07-01 23:48,🔴 SHORT,"59,646.00",3.2409,2026-07-02 00:01,"59,552.60",13,✅ 익절,+302.71,-115.89,+186.82,"19,641.87",-1.51%,🔴 역V자 천장 덤핑 저격 숏 (삼위일체 3대 AND / -OI)
254,2026-07-02 23:15,🟢 LONG,"62,104.91",3.2814,2026-07-02 23:27,"61,983.68",12,❌ 손절,-397.80,-122.16,-519.96,"19,121.92",-4.12%,🟢 강력한 불장 돌파 롱 (삼위일체 3대 AND / +OI)
255,2026-07-03 22:35,🔴 SHORT,"62,051.03",2.9002,2026-07-03 23:06,"61,867.34",31,✅ 익절,+532.75,-107.82,+424.93,"19,546.84",-1.99%,🔴 강력한 폭락 추세 숏 (삼위일체 3대 AND / +OI)
256,2026-07-03 23:51,🟢 LONG,"62,118.71",2.2863,2026-07-04 00:07,"62,367.70",16,✅ 익절,+569.27,-85.38,+483.89,"20,030.74",+0.44%,🟢 강력한 불장 돌파 롱 (삼위일체 3대 AND / +OI)
257,2026-07-04 22:36,🔴 SHORT,"62,594.01",2.6801,2026-07-04 22:47,"62,448.32",11,✅ 익절,+390.46,-100.54,+289.93,"20,320.66",+1.89%,🔴 강력한 폭락 추세 숏 (삼위일체 3대 AND / +OI)
258,2026-07-04 23:50,🟢 LONG,"62,670.00",2.3365,2026-07-05 00:24,"62,949.42",34,✅ 익절,+652.87,-88.05,+564.82,"20,885.48",+4.73%,🟢 V자 바닥 반등 저격 롱 (삼위일체 3대 AND / -OI)
259,2026-07-05 22:36,🟢 LONG,"62,688.00",3.5621,2026-07-05 23:00,"62,815.30",24,✅ 익절,+453.46,-134.12,+319.34,"21,204.82",+6.33%,🟢 강력한 불장 돌파 롱 (삼위일체 3대 AND / +OI)
260,2026-07-05 23:47,🟢 LONG,"62,727.99",2.8695,2026-07-06 00:10,"62,892.09",23,✅ 익절,+470.88,-108.14,+362.74,"21,567.56",+8.15%,🟢 V자 바닥 반등 저격 롱 (삼위일체 3대 AND / -OI)
261,2026-07-06 23:13,🔴 SHORT,"61,989.00",3.4299,2026-07-06 23:44,"62,062.63",31,❌ 손절,-252.56,-127.65,-380.20,"21,187.36",+6.24%,🔴 강력한 폭락 추세 숏 (삼위일체 3대 AND / +OI)
262,2026-07-07 22:26,🟢 LONG,"63,123.99",2.4987,2026-07-07 22:51,"63,359.30",25,✅ 익절,+587.98,-94.81,+493.16,"21,680.52",+8.71%,🟢 V자 바닥 반등 저격 롱 (삼위일체 3대 AND / -OI)
263,2026-07-07 23:10,🟢 LONG,"63,061.34",3.0077,2026-07-07 23:22,"63,215.11",12,✅ 익절,+462.51,-113.94,+348.57,"22,029.09",+10.46%,🟢 V자 바닥 반등 저격 롱 (삼위일체 3대 AND / -OI)
264,2026-07-08 00:09,🟢 LONG,"63,523.30",2.8461,2026-07-08 00:38,"63,739.70",29,✅ 익절,+615.89,-108.66,+507.23,"22,536.32",+13.00%,🟢 강력한 불장 돌파 롱 (삼위일체 3대 AND / +OI)
265,2026-07-08 22:13,🔴 SHORT,"61,912.00",3.5283,2026-07-08 22:28,"61,808.92",15,✅ 익절,+363.68,-130.96,+232.72,"22,769.05",+14.17%,🔴 역V자 천장 덤핑 저격 숏 (삼위일체 3대 AND / -OI)
266,2026-07-08 22:53,🟢 LONG,"61,693.47",2.8952,2026-07-08 23:21,"61,842.71",28,✅ 익절,+432.07,-107.30,+324.78,"23,093.82",+15.80%,🟢 강력한 불장 돌파 롱 (삼위일체 3대 AND / +OI)
267,2026-07-08 23:33,🟢 LONG,"61,932.00",3.8005,2026-07-08 23:58,"61,852.62",25,❌ 손절,-301.69,-141.13,-442.82,"22,651.00",+13.58%,🟢 강력한 불장 돌파 롱 (삼위일체 3대 AND / +OI)
268,2026-07-09 00:18,🟢 LONG,"61,648.48",2.7566,2026-07-09 00:33,"61,813.43",15,✅ 익절,+454.71,-102.10,+352.61,"23,003.62",+15.35%,🟢 강력한 불장 돌파 롱 (삼위일체 3대 AND / +OI)
269,2026-07-09 23:19,🔴 SHORT,"62,735.99",4.0071,2026-07-09 23:30,"62,810.46",11,❌ 손절,-298.41,-150.92,-449.33,"22,554.29",+13.09%,🔴 강력한 폭락 추세 숏 (삼위일체 3대 AND / +OI)
270,2026-07-10 22:16,🔴 SHORT,"64,216.70",3.3836,2026-07-10 22:28,"64,098.58",12,✅ 익절,+399.68,-130.25,+269.43,"22,823.71",+14.45%,🔴 강력한 폭락 추세 숏 (삼위일체 3대 AND / +OI)
271,2026-07-10 22:56,🔴 SHORT,"64,522.89",3.2578,2026-07-10 23:13,"64,279.25",17,✅ 익절,+793.74,-125.88,+667.85,"23,491.56",+17.79%,🔴 역V자 천장 덤핑 저격 숏 (삼위일체 3대 AND / -OI)
272,2026-07-10 23:40,🟢 LONG,"64,157.98",3.0673,2026-07-11 00:02,"64,081.39",22,❌ 손절,-234.93,-118.00,-352.94,"23,138.63",+16.02%,🟢 강력한 불장 돌파 롱 (삼위일체 3대 AND / +OI)
273,2026-07-11 00:15,🔴 SHORT,"64,073.65",3.5242,2026-07-11 00:50,"63,917.52",35,✅ 익절,+550.22,-135.32,+414.90,"23,553.52",+18.11%,🔴 역V자 천장 덤핑 저격 숏 (삼위일체 3대 AND / -OI)
274,2026-07-11 22:42,🟢 LONG,"64,214.99",3.2445,2026-07-11 23:17,"64,416.24",35,✅ 익절,+652.96,-125.20,+527.76,"24,081.28",+20.75%,🟢 강력한 불장 돌파 롱 (삼위일체 3대 AND / +OI)
275,2026-07-11 23:53,🔴 SHORT,"64,387.02",2.8825,2026-07-12 00:01,"64,208.60",8,✅ 익절,+514.30,-111.20,+403.10,"24,484.38",+22.77%,🔴 강력한 폭락 추세 숏 (삼위일체 3대 AND / +OI)
276,2026-07-12 22:12,🔴 SHORT,"64,033.55",2.7703,2026-07-12 22:30,"64,197.13",18,❌ 손절,-453.16,-106.57,-559.73,"23,924.65",+19.97%,🔴 강력한 폭락 추세 숏 (삼위일체 3대 AND / +OI)
277,2026-07-12 22:50,🔴 SHORT,"64,010.00",3.6559,2026-07-12 23:09,"63,891.77",19,✅ 익절,+432.25,-140.28,+291.97,"24,216.62",+21.43%,🔴 역V자 천장 덤핑 저격 숏 (삼위일체 3대 AND / -OI)
278,2026-07-12 23:40,🔴 SHORT,"64,047.13",2.9745,2026-07-13 00:09,"64,208.19",29,❌ 손절,-479.06,-114.45,-593.51,"23,623.11",+18.45%,🔴 강력한 폭락 추세 숏 (삼위일체 3대 AND / +OI)
279,2026-07-13 00:19,🟢 LONG,"64,153.11",3.6244,2026-07-13 00:50,"64,257.10",31,✅ 익절,+376.91,-139.62,+237.29,"23,860.40",+19.64%,🟢 V자 바닥 반등 저격 롱 (삼위일체 3대 AND / -OI)
280,2026-07-13 22:23,🔴 SHORT,"62,532.76",3.1569,2026-07-13 22:56,"62,363.79",33,✅ 익절,+533.41,-118.29,+415.12,"24,275.52",+21.73%,🔴 강력한 폭락 추세 숏 (삼위일체 3대 AND / +OI)
281,2026-07-13 23:18,🟢 LONG,"62,380.91",3.8693,2026-07-13 23:46,"62,550.16",28,✅ 익절,+654.87,-145.02,+509.86,"24,785.38",+24.28%,🟢 V자 바닥 반등 저격 롱 (삼위일체 3대 AND / -OI)
282,2026-07-14 00:08,🟢 LONG,"62,733.99",2.8286,2026-07-14 00:29,"63,040.32",21,✅ 익절,+866.49,-106.73,+759.76,"25,545.14",+28.09%,🟢 V자 바닥 반등 저격 롱 (삼위일체 3대 AND / -OI)
283,2026-07-14 22:10,🔴 SHORT,"63,769.86",3.5165,2026-07-14 22:35,"63,865.85",25,❌ 손절,-337.56,-134.65,-472.21,"25,072.92",+25.72%,🔴 강력한 폭락 추세 숏 (삼위일체 3대 AND / +OI)
284,2026-07-14 22:52,🟢 LONG,"63,772.00",3.6117,2026-07-14 23:22,"63,917.51",30,✅ 익절,+525.54,-138.35,+387.18,"25,460.11",+27.67%,🟢 강력한 불장 돌파 롱 (삼위일체 3대 AND / +OI)
285,2026-07-14 23:33,🔴 SHORT,"63,886.96",3.6078,2026-07-14 23:59,"64,024.90",26,❌ 손절,-497.65,-138.44,-636.09,"24,824.02",+24.48%,🔴 역V자 천장 덤핑 저격 숏 (삼위일체 3대 AND / -OI)
286,2026-07-15 00:23,🟢 LONG,"64,296.00",3.2067,2026-07-15 00:49,"64,434.97",26,✅ 익절,+445.62,-123.84,+321.78,"25,145.80",+26.09%,🟢 강력한 불장 돌파 롱 (삼위일체 3대 AND / +OI)
287,2026-07-15 22:24,🔴 SHORT,"65,502.57",3.3211,2026-07-15 22:56,"65,263.84",32,✅ 익절,+792.83,-130.29,+662.54,"25,808.34",+29.41%,🔴 역V자 천장 덤핑 저격 숏 (삼위일체 3대 AND / -OI)
288,2026-07-15 23:09,🔴 SHORT,"65,254.00",3.4458,2026-07-15 23:18,"65,402.60",9,❌ 손절,-512.04,-135.06,-647.11,"25,161.24",+26.17%,🔴 역V자 천장 덤핑 저격 숏 (삼위일체 3대 AND / -OI)
289,2026-07-16 00:03,🔴 SHORT,"65,292.30",3.9405,2026-07-16 00:32,"65,357.71",29,❌ 손절,-257.74,-154.45,-412.19,"24,749.05",+24.10%,🔴 강력한 폭락 추세 숏 (삼위일체 3대 AND / +OI)
290,2026-07-16 23:16,🟢 LONG,"64,697.93",3.0445,2026-07-16 23:33,"64,833.93",17,✅ 익절,+414.04,-118.31,+295.74,"25,044.78",+25.58%,🟢 강력한 불장 돌파 롱 (삼위일체 3대 AND / +OI)
291,2026-07-17 23:18,🟢 LONG,"63,302.00",2.8318,2026-07-17 23:41,"63,116.14",23,❌ 손절,-526.32,-107.40,-633.72,"24,411.06",+22.41%,🟢 V자 바닥 반등 저격 롱 (삼위일체 3대 AND / -OI)
292,2026-07-18 22:37,🟢 LONG,"64,034.45",2.8808,2026-07-18 22:48,"64,286.08",11,✅ 익절,+724.90,-110.90,+614.00,"25,025.07",+25.48%,🟢 강력한 불장 돌파 롱 (삼위일체 3대 AND / +OI)
293,2026-07-18 23:53,🔴 SHORT,"64,162.40",3.6396,2026-07-19 00:07,"63,937.15",14,✅ 익절,+819.82,-139.87,+679.95,"25,705.02",+28.89%,🔴 강력한 폭락 추세 숏 (삼위일체 3대 AND / +OI)
294,2026-07-19 22:35,🟢 LONG,"64,440.00",3.6469,2026-07-19 22:56,"64,621.99",21,✅ 익절,+663.69,-141.20,+522.49,"26,227.51",+31.51%,🟢 강력한 불장 돌파 롱 (삼위일체 3대 AND / +OI)
295,2026-07-19 23:46,🟢 LONG,"64,549.30",4.1314,2026-07-20 00:18,"64,712.87",32,✅ 익절,+675.77,-160.21,+515.56,"26,743.07",+34.10%,🟢 V자 바닥 반등 저격 롱 (삼위일체 3대 AND / -OI)
296,2026-07-20 22:44,🟢 LONG,"64,650.66",3.9929,2026-07-20 23:04,"64,519.98",20,❌ 손절,-521.78,-154.73,-676.51,"26,066.56",+30.71%,🟢 강력한 불장 돌파 롱 (삼위일체 3대 AND / +OI)
297,2026-07-20 23:53,🔴 SHORT,"64,318.00",3.8199,2026-07-21 00:07,"64,401.54",14,❌ 손절,-319.11,-147.51,-466.62,"25,599.95",+28.37%,🔴 강력한 폭락 추세 숏 (삼위일체 3대 AND / +OI)
298,2026-07-21 22:39,🟢 LONG,"66,413.99",3.3934,2026-07-21 22:55,"66,529.89",16,✅ 익절,+393.28,-135.34,+257.94,"25,857.89",+29.66%,🟢 V자 바닥 반등 저격 롱 (삼위일체 3대 AND / -OI)
299,2026-07-21 23:47,🔴 SHORT,"66,847.76",3.1256,2026-07-22 00:13,"66,592.45",26,✅ 익절,+797.99,-125.12,+672.87,"26,530.76",+33.03%,🔴 강력한 폭락 추세 숏 (삼위일체 3대 AND / +OI)
300,2026-07-22 22:39,🟢 LONG,"65,850.95",2.8485,2026-07-22 23:04,"66,141.34",25,✅ 익절,+827.17,-112.79,+714.37,"27,245.13",+36.62%,🟢 V자 바닥 반등 저격 롱 (삼위일체 3대 AND / -OI)
301,2026-07-22 23:45,🟢 LONG,"65,691.99",4.0341,2026-07-23 00:16,"65,810.83",31,✅ 익절,+479.43,-159.15,+320.28,"27,565.41",+38.22%,🟢 V자 바닥 반등 저격 롱 (삼위일체 3대 AND / -OI)
302,2026-07-23 23:17,🟢 LONG,"65,067.84",3.4486,2026-07-23 23:37,"65,345.56",20,✅ 익절,+957.74,-134.92,+822.82,"28,388.23",+42.35%,🟢 V자 바닥 반등 저격 롱 (삼위일체 3대 AND / -OI)
303,2026-07-24 22:36,🔴 SHORT,"64,287.73",3.9012,2026-07-24 22:52,"64,113.26",16,✅ 익절,+680.64,-150.28,+530.37,"28,918.60",+45.01%,🔴 역V자 천장 덤핑 저격 숏 (삼위일체 3대 AND / -OI)
304,2026-07-24 23:55,🟢 LONG,"63,948.78",4.7468,2026-07-25 00:12,"64,149.74",17,✅ 익절,+953.90,-182.42,+771.48,"29,690.08",+48.88%,🟢 강력한 불장 돌파 롱 (삼위일체 3대 AND / +OI)
305,2026-07-25 22:20,🔴 SHORT,"64,113.53",4.3527,2026-07-25 22:42,"64,252.46",22,❌ 손절,-604.71,-167.62,-772.33,"28,917.75",+45.00%,🔴 강력한 폭락 추세 숏 (삼위일체 3대 AND / +OI)
306,2026-07-25 23:15,🔴 SHORT,"64,181.99",4.0354,2026-07-25 23:41,"64,325.81",26,❌ 손절,-580.35,-155.57,-735.93,"28,181.82",+41.31%,🔴 역V자 천장 덤핑 저격 숏 (삼위일체 3대 AND / -OI)
307,2026-07-26 00:07,🟢 LONG,"64,220.00",3.3463,2026-07-26 00:26,"64,041.53",19,❌ 손절,-597.22,-128.76,-725.98,"27,455.84",+37.67%,🟢 V자 바닥 반등 저격 롱 (삼위일체 3대 AND / -OI)
308,2026-07-26 23:18,🟢 LONG,"64,682.00",3.5888,2026-07-26 23:45,"64,943.44",27,✅ 익절,+938.26,-139.56,+798.70,"28,254.54",+41.68%,🟢 강력한 불장 돌파 롱 (삼위일체 3대 AND / +OI)
309,2026-07-27 22:44,🔴 SHORT,"65,668.20",4.1128,2026-07-27 23:04,"65,511.91",20,✅ 익절,+642.77,-161.86,+480.92,"28,735.46",+44.09%,🔴 역V자 천장 덤핑 저격 숏 (삼위일체 3대 AND / -OI)
310,2026-07-27 23:49,🔴 SHORT,"64,612.00",4.0084,2026-07-28 00:04,"64,702.65",15,❌ 손절,-363.35,-155.50,-518.86,"28,216.61",+41.49%,🔴 강력한 폭락 추세 숏 (삼위일체 3대 AND / +OI)
311,2026-07-28 22:44,🔴 SHORT,"62,991.28",3.7319,2026-07-28 23:02,"63,082.41",18,❌ 손절,-340.09,-141.15,-481.24,"27,735.37",+39.07%,🔴 강력한 폭락 추세 숏 (삼위일체 3대 AND / +OI)
312,2026-07-28 23:51,🔴 SHORT,"63,493.24",4.5138,2026-07-29 00:17,"63,284.99",26,✅ 익절,+939.98,-171.68,+768.31,"28,503.68",+42.93%,🔴 역V자 천장 덤핑 저격 숏 (삼위일체 3대 AND / -OI)
313,2026-07-29 22:41,🔴 SHORT,"64,324.00",4.4944,2026-07-29 23:05,"64,410.76",24,❌ 손절,-389.93,-173.58,-563.50,"27,940.18",+40.10%,🔴 역V자 천장 덤핑 저격 숏 (삼위일체 3대 AND / -OI)
314,2026-07-29 23:55,🟢 LONG,"64,182.01",3.4949,2026-07-30 00:26,"64,087.23",31,❌ 손절,-331.26,-134.49,-465.74,"27,474.43",+37.77%,🟢 강력한 불장 돌파 롱 (삼위일체 3대 AND / +OI)
315,2026-07-30 22:44,🟢 LONG,"65,013.86",3.4818,2026-07-30 23:04,"64,875.25",20,❌ 손절,-482.63,-135.67,-618.30,"26,856.13",+34.67%,🟢 강력한 불장 돌파 롱 (삼위일체 3대 AND / +OI)
316,2026-07-30 23:47,🔴 SHORT,"64,776.01",3.0257,2026-07-30 23:59,"64,541.54",12,✅ 익절,+709.44,-117.38,+592.05,"27,448.18",+37.63%,🔴 역V자 천장 덤핑 저격 숏 (삼위일체 3대 AND / -OI)
317,2026-07-31 22:45,🔴 SHORT,"63,523.99",3.9843,2026-07-31 23:02,"63,283.89",17,✅ 익절,+956.64,-151.57,+805.07,"28,253.25",+41.67%,🔴 강력한 폭락 추세 숏 (삼위일체 3대 AND / +OI)
318,2026-07-31 23:47,🔴 SHORT,"62,714.01",4.2711,2026-08-01 00:04,"62,557.89",17,✅ 익절,+666.79,-160.51,+506.27,"28,759.52",+44.21%,🔴 강력한 폭락 추세 숏 (삼위일체 3대 AND / +OI)
319,2026-08-01 23:10,🔴 SHORT,"63,090.62",4.5588,2026-08-01 23:44,"63,168.95",34,❌ 손절,-357.08,-172.68,-529.76,"28,229.77",-5.51%,🔴 강력한 폭락 추세 숏 (삼위일체 3대 AND / +OI)
320,2026-08-02 22:21,🔴 SHORT,"63,079.98",3.9433,2026-08-02 22:39,"62,917.12",18,✅ 익절,+642.19,-149.05,+493.13,"28,722.90",-3.86%,🔴 강력한 폭락 추세 숏 (삼위일체 3대 AND / +OI)
321,2026-08-02 23:18,🔴 SHORT,"63,151.99",5.0705,2026-08-02 23:34,"63,038.32",16,✅ 익절,+576.39,-191.95,+384.43,"29,107.33",-2.57%,🔴 역V자 천장 덤핑 저격 숏 (삼위일체 3대 AND / -OI)
322,2026-08-03 00:02,🟢 LONG,"63,054.01",3.3232,2026-08-03 00:34,"63,292.24",32,✅ 익절,+791.68,-125.96,+665.72,"29,773.05",-0.35%,🟢 V자 바닥 반등 저격 롱 (삼위일체 3대 AND / -OI)
323,2026-08-03 23:14,🟢 LONG,"63,320.65",3.4462,2026-08-03 23:32,"63,489.09",18,✅ 익절,+580.47,-131.10,+449.36,"30,222.42",+1.16%,🟢 V자 바닥 반등 저격 롱 (삼위일체 3대 AND / -OI)
324,2026-08-04 23:18,🟢 LONG,"63,705.99",4.2561,2026-08-04 23:28,"63,893.24",10,✅ 익절,+796.95,-162.92,+634.03,"30,856.45",+3.28%,🟢 강력한 불장 돌파 롱 (삼위일체 3대 AND / +OI)
325,2026-08-05 22:07,🟢 LONG,"64,236.01",3.8461,2026-08-05 22:20,"64,081.02",13,❌ 손절,-596.11,-148.06,-744.17,"30,112.28",+0.79%,🟢 V자 바닥 반등 저격 롱 (삼위일체 3대 AND / -OI)
326,2026-08-05 22:56,🔴 SHORT,"64,322.62",4.9346,2026-08-05 23:24,"64,393.42",28,❌ 손절,-349.35,-190.55,-539.90,"29,572.38",-1.02%,🔴 역V자 천장 덤핑 저격 숏 (삼위일체 3대 AND / -OI)
327,2026-08-05 23:37,🟢 LONG,"64,319.74",4.4733,2026-08-05 23:57,"64,520.47",20,✅ 익절,+897.91,-172.90,+725.01,"30,297.39",+1.41%,🟢 강력한 불장 돌파 롱 (삼위일체 3대 AND / +OI)
328,2026-08-06 00:16,🟢 LONG,"64,519.99",4.1853,2026-08-06 00:39,"64,704.43",23,✅ 익절,+771.95,-162.25,+609.70,"30,907.08",+3.45%,🟢 V자 바닥 반등 저격 롱 (삼위일체 3대 AND / -OI)
329,2026-08-06 22:39,🟢 LONG,"64,329.99",5.1131,2026-08-06 23:12,"64,514.44",33,✅ 익절,+943.12,-197.64,+745.48,"31,652.56",+5.95%,🟢 V자 바닥 반등 저격 롱 (삼위일체 3대 AND / -OI)
330,2026-08-06 23:50,🟢 LONG,"64,684.00",4.5545,2026-08-07 00:08,"64,868.00",18,✅ 익절,+838.04,-177.01,+661.03,"32,313.59",+8.16%,🟢 강력한 불장 돌파 롱 (삼위일체 3대 AND / +OI)
331,2026-08-07 22:45,🔴 SHORT,"65,255.17",4.5073,2026-08-07 23:10,"65,033.85",25,✅ 익절,+997.53,-176.18,+821.36,"33,134.95",+10.91%,🔴 역V자 천장 덤핑 저격 숏 (삼위일체 3대 AND / -OI)
332,2026-08-07 23:50,🔴 SHORT,"65,099.31",3.9972,2026-08-08 00:05,"64,857.50",15,✅ 익절,+966.57,-155.84,+810.73,"33,945.68",+13.62%,🔴 강력한 폭락 추세 숏 (삼위일체 3대 AND / +OI)
333,2026-08-08 22:23,🔴 SHORT,"65,014.89",4.2486,2026-08-08 22:53,"65,124.18",30,❌ 손절,-464.33,-165.87,-630.21,"33,315.48",+11.51%,🔴 강력한 폭락 추세 숏 (삼위일체 3대 AND / +OI)
334,2026-08-08 23:09,🟢 LONG,"65,030.00",5.3177,2026-08-08 23:18,"65,245.10",9,✅ 익절,"+1,143.85",-207.83,+936.02,"34,251.50",+14.64%,🟢 V자 바닥 반등 저격 롱 (삼위일체 3대 AND / -OI)
335,2026-08-09 00:01,🔴 SHORT,"65,139.85",5.0762,2026-08-09 00:11,"64,966.58",10,✅ 익절,+879.54,-198.13,+681.40,"34,932.90",+16.93%,🔴 강력한 폭락 추세 숏 (삼위일체 3대 AND / +OI)
336,2026-08-09 22:38,🟢 LONG,"65,128.40",5.6213,2026-08-09 22:53,"65,227.76",15,✅ 익절,+558.51,-219.83,+338.68,"35,271.59",+18.06%,🟢 강력한 불장 돌파 롱 (삼위일체 3대 AND / +OI)
337,2026-08-09 23:54,🔴 SHORT,"65,193.01",4.4488,2026-08-10 00:18,"65,322.95",24,❌ 손절,-578.08,-174.19,-752.27,"34,519.32",+15.54%,🔴 강력한 폭락 추세 숏 (삼위일체 3대 AND / +OI)
338,2026-08-10 22:35,🟢 LONG,"64,736.79",5.7645,2026-08-10 22:50,"64,673.68",15,❌ 손절,-363.83,-223.80,-587.62,"33,931.70",+13.57%,🟢 V자 바닥 반등 저격 롱 (삼위일체 3대 AND / -OI)
339,2026-08-10 23:48,🟢 LONG,"64,788.01",4.5287,2026-08-11 00:00,"64,653.37",12,❌ 손절,-609.77,-175.86,-785.63,"33,146.07",+10.94%,🟢 V자 바닥 반등 저격 롱 (삼위일체 3대 AND / -OI)
340,2026-08-11 23:13,🟢 LONG,"64,228.19",4.6630,2026-08-11 23:21,"64,082.63",8,❌ 손절,-678.76,-179.49,-858.25,"32,287.82",+8.07%,🟢 V자 바닥 반등 저격 롱 (삼위일체 3대 AND / -OI)
341,2026-08-12 23:19,🟢 LONG,"63,790.44",4.7675,2026-08-12 23:35,"63,676.25",16,❌ 손절,-544.41,-182.31,-726.72,"31,561.09",+5.64%,🟢 강력한 불장 돌파 롱 (삼위일체 3대 AND / +OI)
342,2026-08-13 22:40,🔴 SHORT,"63,826.01",5.2648,2026-08-13 23:00,"63,731.97",20,✅ 익절,+495.11,-201.47,+293.64,"31,854.73",+6.62%,🔴 강력한 폭락 추세 숏 (삼위일체 3대 AND / +OI)
343,2026-08-13 23:53,🔴 SHORT,"63,895.29",3.7862,2026-08-14 00:19,"63,604.66",26,✅ 익절,"+1,100.38",-144.82,+955.56,"32,810.29",+9.82%,🔴 역V자 천장 덤핑 저격 숏 (삼위일체 3대 AND / -OI)
344,2026-08-14 22:37,🟢 LONG,"62,696.42",4.3712,2026-08-14 23:02,"62,561.36",25,❌ 손절,-590.39,-164.26,-754.65,"32,055.64",+7.29%,🟢 강력한 불장 돌파 롱 (삼위일체 3대 AND / +OI)
345,2026-08-14 23:49,🔴 SHORT,"62,752.26",5.3864,2026-08-15 00:05,"62,572.15",16,✅ 익절,+970.15,-202.51,+767.64,"32,823.28",+9.86%,🔴 강력한 폭락 추세 숏 (삼위일체 3대 AND / +OI)
346,2026-08-15 23:11,🔴 SHORT,"63,042.83",4.5782,2026-08-15 23:25,"62,929.28",14,✅ 익절,+519.84,-173.02,+346.82,"33,170.10",+11.02%,🔴 강력한 폭락 추세 숏 (삼위일체 3대 AND / +OI)
347,2026-08-16 22:45,🔴 SHORT,"63,067.02",4.8482,2026-08-16 23:17,"62,954.49",32,✅ 익절,+545.56,-183.29,+362.27,"33,532.37",+12.24%,🔴 역V자 천장 덤핑 저격 숏 (삼위일체 3대 AND / -OI)
348,2026-08-16 23:53,🟢 LONG,"63,100.89",3.9168,2026-08-17 00:03,"63,321.33",10,✅ 익절,+863.41,-148.55,+714.85,"34,247.23",+14.63%,🟢 V자 바닥 반등 저격 롱 (삼위일체 3대 AND / -OI)
349,2026-08-17 22:36,🔴 SHORT,"63,757.13",4.0616,2026-08-17 23:02,"63,531.71",26,✅ 익절,+915.58,-155.10,+760.49,"35,007.71",+17.18%,🔴 강력한 폭락 추세 숏 (삼위일체 3대 AND / +OI)
350,2026-08-17 23:55,🟢 LONG,"63,815.56",4.6710,2026-08-18 00:18,"64,006.18",23,✅ 익절,+890.39,-179.12,+711.28,"35,718.99",+19.56%,🟢 V자 바닥 반등 저격 롱 (삼위일체 3대 AND / -OI)
351,2026-08-18 23:14,🟢 LONG,"64,261.76",4.9784,2026-08-18 23:30,"64,500.19",16,✅ 익절,"+1,187.00",-192.31,+994.70,"36,713.68",+22.89%,🟢 V자 바닥 반등 저격 롱 (삼위일체 3대 AND / -OI)
352,2026-08-19 22:39,🟢 LONG,"64,829.33",5.0193,2026-08-19 23:08,"64,955.22",29,✅ 익절,+631.90,-195.43,+436.47,"37,150.15",+24.35%,🟢 강력한 불장 돌파 롱 (삼위일체 3대 AND / +OI)
353,2026-08-19 23:51,🟢 LONG,"65,591.37",4.6937,2026-08-20 00:05,"65,719.83",14,✅ 익절,+602.94,-184.90,+418.04,"37,568.19",+25.75%,🟢 V자 바닥 반등 저격 롱 (삼위일체 3대 AND / -OI)
354,2026-08-20 23:16,🟢 LONG,"71,687.70",4.5646,2026-08-20 23:47,"71,536.29",31,❌ 손절,-691.14,-196.13,-887.27,"36,680.92",+22.78%,🟢 V자 바닥 반등 저격 롱 (삼위일체 3대 AND / -OI)
355,2026-08-21 22:43,🔴 SHORT,"77,259.99",4.1439,2026-08-21 23:02,"77,093.40",19,✅ 익절,+690.33,-191.89,+498.45,"37,179.37",+24.44%,🔴 역V자 천장 덤핑 저격 숏 (삼위일체 3대 AND / -OI)
356,2026-08-21 23:45,🟢 LONG,"77,236.03",4.5190,2026-08-22 00:11,"77,444.72",26,✅ 익절,+943.07,-209.70,+733.37,"37,912.73",+26.90%,🟢 강력한 불장 돌파 롱 (삼위일체 3대 AND / +OI)
357,2026-08-22 22:39,🔴 SHORT,"77,116.76",3.6473,2026-08-22 23:11,"76,835.59",32,✅ 익절,"+1,025.51",-168.45,+857.06,"38,769.79",+29.77%,🔴 역V자 천장 덤핑 저격 숏 (삼위일체 3대 AND / -OI)
358,2026-08-22 23:53,🟢 LONG,"76,976.02",4.7833,2026-08-23 00:23,"77,207.41",30,✅ 익절,"+1,106.80",-221.25,+885.55,"39,655.34",+32.73%,🟢 V자 바닥 반등 저격 롱 (삼위일체 3대 AND / -OI)
359,2026-08-23 23:18,🔴 SHORT,"77,522.00",3.7239,2026-08-23 23:31,"77,306.79",13,✅ 익절,+801.43,-172.97,+628.46,"40,283.80",+34.84%,🔴 역V자 천장 덤핑 저격 숏 (삼위일체 3대 AND / -OI)
360,2026-08-24 23:14,🟢 LONG,"79,202.01",3.6884,2026-08-24 23:34,"79,511.39",20,✅ 익절,"+1,141.10",-175.62,+965.48,"41,249.28",+38.07%,🟢 강력한 불장 돌파 롱 (삼위일체 3대 AND / +OI)
361,2026-08-25 22:21,🟢 LONG,"78,762.01",3.8286,2026-08-25 22:39,"79,077.75",18,✅ 익절,"+1,208.85",-181.29,"+1,027.55","42,276.83",+41.51%,🟢 V자 바닥 반등 저격 롱 (삼위일체 3대 AND / -OI)
362,2026-08-25 23:09,🔴 SHORT,"78,947.42",4.2092,2026-08-25 23:25,"79,125.53",16,❌ 손절,-749.70,-199.61,-949.31,"41,327.53",+38.33%,🔴 강력한 폭락 추세 숏 (삼위일체 3대 AND / +OI)
363,2026-08-26 00:09,🟢 LONG,"79,288.00",5.0931,2026-08-26 00:37,"79,430.79",28,✅ 익절,+727.23,-242.51,+484.72,"41,812.25",+39.95%,🟢 V자 바닥 반등 저격 롱 (삼위일체 3대 AND / -OI)
364,2026-08-26 22:37,🟢 LONG,"78,407.99",4.7883,2026-08-26 22:46,"78,636.27",9,✅ 익절,"+1,093.09",-225.59,+867.50,"42,679.75",+42.85%,🟢 V자 바닥 반등 저격 롱 (삼위일체 3대 AND / -OI)
365,2026-08-26 23:51,🔴 SHORT,"77,944.01",4.3463,2026-08-27 00:00,"77,671.44",9,✅ 익절,"+1,184.67",-202.91,+981.77,"43,661.52",+46.14%,🔴 역V자 천장 덤핑 저격 숏 (삼위일체 3대 AND / -OI)
366,2026-08-27 22:42,🟢 LONG,"79,256.31",4.9253,2026-08-27 23:03,"79,437.72",21,✅ 익절,+893.49,-234.48,+659.00,"44,320.52",+48.35%,🟢 V자 바닥 반등 저격 롱 (삼위일체 3대 AND / -OI)
367,2026-08-27 23:47,🟢 LONG,"80,035.98",4.0532,2026-08-28 00:22,"80,402.45",35,✅ 익절,"+1,485.38",-195.09,"+1,290.29","45,610.81",+52.67%,🟢 V자 바닥 반등 저격 롱 (삼위일체 3대 AND / -OI)
368,2026-08-28 22:17,🔴 SHORT,"79,365.99",5.4428,2026-08-28 22:43,"79,171.58",26,✅ 익절,"+1,058.15",-258.87,+799.29,"46,410.10",+55.34%,🔴 역V자 천장 덤핑 저격 숏 (삼위일체 3대 AND / -OI)
369,2026-08-28 23:09,🔴 SHORT,"78,839.55",4.4944,2026-08-28 23:31,"78,959.56",22,❌ 손절,-539.35,-212.76,-752.11,"45,657.98",+52.82%,🔴 역V자 천장 덤핑 저격 숏 (삼위일체 3대 AND / -OI)
370,2026-08-29 00:10,🟢 LONG,"79,384.00",4.8233,2026-08-29 00:44,"79,193.85",34,❌ 손절,-917.14,-229.46,"-1,146.60","44,511.38",+48.99%,🟢 V자 바닥 반등 저격 롱 (삼위일체 3대 AND / -OI)
371,2026-08-29 22:25,🟢 LONG,"77,686.43",6.3992,2026-08-29 22:46,"77,554.42",21,❌ 손절,-844.76,-298.03,"-1,142.78","43,368.60",+45.16%,🟢 V자 바닥 반등 저격 롱 (삼위일체 3대 AND / -OI)
372,2026-08-29 23:12,🟢 LONG,"77,692.29",4.9713,2026-08-29 23:29,"77,906.86",17,✅ 익절,"+1,066.68",-232.06,+834.62,"44,203.22",+47.95%,🟢 강력한 불장 돌파 롱 (삼위일체 3대 AND / +OI)
373,2026-08-30 00:11,🔴 SHORT,"77,951.15",4.0219,2026-08-30 00:40,"77,665.59",29,✅ 익절,"+1,148.48",-187.76,+960.72,"45,163.94",+51.17%,🔴 강력한 폭락 추세 숏 (삼위일체 3대 AND / +OI)
374,2026-08-30 23:13,🔴 SHORT,"78,932.71",4.2695,2026-08-30 23:24,"78,586.41",11,✅ 익절,"+1,478.52",-201.76,"+1,276.76","46,440.70",+55.44%,🔴 강력한 폭락 추세 숏 (삼위일체 3대 AND / +OI)
375,2026-08-31 22:44,🔴 SHORT,"78,000.00",5.1540,2026-08-31 23:14,"77,688.63",30,✅ 익절,"+1,604.82",-240.73,"+1,364.09","47,804.79",+60.01%,🔴 역V자 천장 덤핑 저격 숏 (삼위일체 3대 AND / -OI)
376,2026-08-31 23:45,🟢 LONG,"78,498.00",6.3578,2026-09-01 00:05,"78,335.25",20,❌ 손절,+209.46,-299.13,-89.67,"47,715.12",+59.71%,🟢 V자 바닥 반등 저격 롱 (삼위일체 3대 AND / -OI)
