Timestamp(KST),BTC_Price($),1m_Rolling_Liq($),1m_Long_Liq($),1m_Short_Liq($),Liq_Threshold($),1m_OI_Speed(%),OI_Speed_Threshold(%),5s_Price_Delta($),1m_Price_Delta($),1m_Price_Slope,Signal,Bot_State,,
2026-08-28 10:46:34,80815,738751,688347,50403,600000,0.12,0.12,0,-40.3,-1.3999,SHORT,STOPPED,,숏진입
2026-08-28 10:46:35,80815,715335,676796,38539,600000,0.12,0.12,0,-40.6,-1.3817,SHORT,STOPPED,,
2026-08-28 10:46:36,80815,715335,676796,38539,600000,0.12,0.12,0,-40.6,-1.3604,SHORT,STOPPED,,
2026-08-28 18:05:57,79355,3097696,1688748,1408947,1000000,-0.1727,0.15,5.1,60.6,1.4384,LONG,STOPPED,,롱 청산
2026-08-28 18:05:58,79358,3097696,1688748,1408947,1000000,-0.1727,0.15,8.9,58.9,1.4013,LONG,STOPPED,,
2026-08-28 18:05:59,79358,3097696,1688748,1408947,1000000,-0.1726,0.15,5.1,57.1,1.3789,LONG,STOPPED,,
2026-08-28 18:06:00,79358,3097696,1688748,1408947,1000000,-0.1725,0.15,5.1,51.1,1.3543,LONG,STOPPED,,
2026-08-28 18:06:01,79360,3097696,1688748,1408947,1000000,-0.1709,0.15,5.9,53.1,1.3384,LONG,STOPPED,,
2026-08-28 18:06:02,79363,3097696,1688748,1408947,1000000,-0.1709,0.15,4.2,55.2,1.3274,LONG,STOPPED,,
2026-08-28 18:06:03,79363,3062015,1653068,1408947,1000000,-0.1709,0.15,4.2,49.8,1.3124,LONG,STOPPED,,
2026-08-28 18:06:04,79363,3062015,1653068,1408947,1000000,-0.1648,0.15,5.1,50.6,1.3005,LONG,STOPPED,,
2026-08-28 18:06:05,79368,3062015,1653068,1408947,1000000,-0.1641,0.15,9.5,40.4,1.3022,LONG,STOPPED,,
2026-08-28 18:06:06,79361,2904620,1495672,1408947,1000000,-0.1641,0.15,0.8,8.1,1.2816,LONG,STOPPED,,10초 타이머로 진입차단
2026-08-28 19:07:18,79103,1384534,1175287,209247,1000000,-0.1795,0.15,-9.3,-99.6,-2.0222,SHORT,STOPPED,,숏진입
2026-08-28 19:07:19,79103,1384534,1175287,209247,1000000,-0.1795,0.15,-9.3,-99.6,-2.0222,SHORT,STOPPED,,
2026-08-28 19:07:20,79097,1915011,1705764,209247,1000000,-0.1799,0.15,-15.4,-105,-2.1053,SHORT,STOPPED,,
2026-08-28 19:07:21,79097,1896872,1705764,191108,1000000,-0.1923,0.15,-10,-105,-2.1405,SHORT,STOPPED,,
2026-08-28 19:07:22,79097,1896872,1705764,191108,1000000,-0.1923,0.15,-10,-105,-2.1639,SHORT,STOPPED,,
2026-08-28 19:07:23,79097,1946993,1755885,191108,1000000,-0.193,0.15,-6.1,-105,-2.1766,SHORT,STOPPED,,
2026-08-28 19:07:24,79086,1985356,1794248,191108,1000000,-0.193,0.15,-17.1,-116,-2.2221,SHORT,STOPPED,,
2026-08-28 19:07:25,79086,1985356,1794248,191108,1000000,-0.1935,0.15,-11,-116,-2.2544,SHORT,STOPPED,,
2026-08-28 19:07:26,79086,2010985,1808747,202238,1000000,-0.1933,0.15,-11,-112,-2.2744,SHORT,STOPPED,,
2026-08-28 19:07:27,79086,2010985,1808747,202238,1000000,-0.1931,0.15,-11,-112,-2.2744,SHORT,STOPPED,,
2026-08-28 19:07:28,79086,2263314,2061076,202238,1000000,-0.1926,0.15,-11,-112,-2.2857,SHORT,STOPPED,,
2026-08-28 19:07:29,79080,2323315,2121076,202238,1000000,-0.1926,0.15,-6,-110.6,-2.3274,SHORT,STOPPED,,
2026-08-28 19:07:30,79080,2323315,2121076,202238,1000000,-0.197,0.15,-6,-110.6,-2.3337,SHORT,STOPPED,,
2026-08-28 19:07:31,79080,2323315,2121076,202238,1000000,-0.197,0.15,-6,-104.7,-2.3303,SHORT,STOPPED,,
2026-08-28 19:07:32,79063,2462666,2260427,202238,1000000,-0.1965,0.15,-22.4,-121.1,-2.3852,SHORT,STOPPED,,
2026-08-28 19:07:33,79063,2462666,2260427,202238,1000000,-0.1965,0.15,-16.4,-121.1,-2.4255,SHORT,STOPPED,,
2026-08-28 19:07:34,79063,2492859,2290620,202238,1000000,-0.2086,0.15,-16.4,-121.1,-2.4523,SHORT,STOPPED,,
2026-08-28 19:07:35,79063,2517558,2315319,202238,1000000,-0.2086,0.15,-16.4,-121.1,-2.4523,SHORT,STOPPED,,
2026-08-28 19:07:36,79055,2547347,2345108,202238,1000000,-0.2086,0.15,-24.5,-129.2,-2.5171,SHORT,STOPPED,,
2026-08-28 19:07:37,79055,2547347,2345108,202238,1000000,-0.2354,0.15,-8.1,-127.7,-2.5366,SHORT,STOPPED,,
2026-08-28 19:07:38,79055,2536283,2334045,202238,1000000,-0.2352,0.15,-8.1,-127.8,-2.5449,SHORT,STOPPED,,
2026-08-28 19:07:39,79055,2536283,2334045,202238,1000000,-0.2555,0.15,-8.1,-127.7,-2.542,SHORT,STOPPED,,
2026-08-28 19:07:40,79050,2548860,2346621,202238,1000000,-0.2555,0.15,-9.1,-133.3,-2.5504,SHORT,STOPPED,,
2026-08-28 19:07:41,79050,2608860,2406621,202238,1000000,-0.255,0.15,-5.5,-133.3,-2.5474,SHORT,STOPPED,,
2026-08-28 19:07:42,79050,2529677,2327438,202238,1000000,-0.255,0.15,-5.6,-133.3,-2.534,SHORT,STOPPED,,
2026-08-28 19:07:43,79050,2555179,2352940,202238,1000000,-0.2725,0.15,-5.6,-133.3,-2.534,SHORT,STOPPED,,
2026-08-28 19:07:44,79048,2696984,2371226,325758,1000000,-0.2725,0.15,-7.4,-135.2,-2.5186,SHORT,STOPPED,,
2026-08-28 19:07:46,79050,2622404,2296646,325758,1000000,-0.2722,0.15,-5.5,-125.1,-2.3672,SHORT,STOPPED,,
2026-08-28 19:07:49,79053,2739834,2257693,482141,1000000,-0.2642,0.15,-1.8,-121.4,-2.188,SHORT,STOPPED,,
2026-08-28 19:07:50,79053,2787167,2317693,469473,1000000,-0.2642,0.15,-1.8,-120.1,-2.1166,SHORT,STOPPED,,
2026-08-28 19:07:53,79052,2651312,2309315,341997,1000000,-0.2282,0.15,-1.5,-121.7,-1.8847,SHORT,STOPPED,,
2026-08-28 19:07:54,79052,2666248,2324250,341997,1000000,-0.2282,0.15,-1.6,-121.7,-1.8111,SHORT,STOPPED,,
2026-08-28 19:07:55,79052,2649821,2307824,341997,1000000,-0.2304,0.15,-1.6,-121.7,-1.7354,SHORT,STOPPED,,
2026-08-28 19:07:57,79050,2718096,2362612,355483,1000000,-0.2275,0.15,-4.9,-123.2,-1.5724,SHORT,STOPPED,,
2026-08-28 19:07:58,79050,2718096,2362612,355483,1000000,-0.2367,0.15,-1.5,-108,-1.4987,SHORT,STOPPED,,
2026-08-28 19:07:59,79050,2703556,2348072,355483,1000000,-0.2367,0.15,-1.5,-108,-1.4327,SHORT,STOPPED,,
2026-08-28 19:08:00,79051,2703556,2348072,355483,1000000,-0.2364,0.15,-0.2,-111.1,-1.3601,SHORT,STOPPED,,
2026-08-28 19:08:01,79051,2703556,2348072,355483,1000000,-0.2364,0.15,-0.2,-111.1,-1.3601,SHORT,STOPPED,,
2026-08-28 19:08:07,79051,2482005,2047494,434511,1000000,-0.2035,0.15,0,-68.2,-0.8476,SHORT,STOPPED,,
2026-08-28 19:08:08,79051,2529635,2059474,470161,1000000,-0.2035,0.15,0,-68.2,-0.8476,SHORT,STOPPED,,
2026-08-28 19:08:13,79053,2579040,2124072,454968,1000000,-0.1603,0.15,-8.2,-59,-0.4576,SHORT,STOPPED,,
2026-08-28 19:08:14,79042,2544274,2089306,454968,1000000,-0.1603,0.15,-17.6,-70.4,-0.4663,SHORT,STOPPED,,
2026-08-28 19:08:15,79042,2560082,2105114,454968,1000000,-0.1615,0.15,-17.6,-65,-0.4705,SHORT,STOPPED,,
2026-08-28 19:08:16,79027,2800447,2345479,454968,1000000,-0.1618,0.15,-32.4,-79.8,-0.5313,SHORT,STOPPED,,
2026-08-28 22:27:22,79153,3913802,2790079,1123722,1000000,-0.3157,0.15,0,-141.8,-3.4068,SHORT,STOPPED,,
2026-08-28 22:27:23,79153,3913802,2790079,1123722,1000000,-0.317,0.15,0,-141.8,-3.4403,SHORT,STOPPED,,
2026-08-28 22:27:24,79153,3913802,2790079,1123722,1000000,-0.3157,0.15,0,-141.8,-3.4581,SHORT,STOPPED,,
2026-08-28 22:27:25,79153,3913802,2790079,1123722,1000000,-0.3157,0.15,0,-141.8,-3.4615,SHORT,STOPPED,,
2026-08-28 22:27:26,79153,3926467,2790079,1136387,1000000,-0.3157,0.15,0,-141.8,-3.4516,SHORT,STOPPED,,
2026-08-28 22:28:04,79252,4073684,2748883,1324800,1000000,-0.2986,0.15,6.4,2,1.7742,LONG,STOPPED,,숏 청산
2026-08-28 22:28:05,79252,4073684,2748883,1324800,1000000,-0.2986,0.15,6.4,2,1.8519,LONG,STOPPED,,
2026-08-28 22:28:06,79252,4073684,2748883,1324800,1000000,-0.2994,0.15,7.6,2,1.9189,LONG,STOPPED,,
2026-08-28 22:28:07,79252,4073684,2748883,1324800,1000000,-0.2994,0.15,7.6,2,1.976,LONG,STOPPED,,
2026-08-28 22:28:08,79252,4073684,2748883,1324800,1000000,-0.2994,0.15,7.6,2,1.976,LONG,STOPPED,,
2026-08-28 22:28:09,79252,4061004,2748883,1312120,1000000,-0.3006,0.15,7.6,2,2.0239,LONG,STOPPED,,
2026-08-28 22:28:10,79252,4061004,2748883,1312120,1000000,-0.3058,0.15,7.6,2,2.0952,LONG,STOPPED,,
2026-08-28 22:28:11,79252,4061004,2748883,1312120,1000000,-0.3058,0.15,7.6,127.7,2.1198,LONG,STOPPED,,
2026-08-28 22:28:12,79251,1270060,536300,733759,1000000,-0.3058,0.15,0,127.7,2.0704,LONG,STOPPED,,
2026-08-28 23:03:18,78984,10997877,8075010,2922867,1400000,0.1878,0.18,47.3,9.1,1.9836,LONG,STOPPED,,롱 진입
2026-08-28 23:03:19,79008,10997163,8040801,2956362,1400000,0.1878,0.18,66.6,33.2,2.092,LONG,STOPPED,,
2026-08-28 23:03:20,79008,11009609,7992346,3017262,1400000,0.1874,0.18,66.6,39,2.1634,LONG,STOPPED,,
2026-08-28 23:03:27,79024,6072036,4011889,2060146,1400000,0.2926,0.18,12.2,211.7,2.6222,LONG,STOPPED,,
2026-08-28 23:03:28,79006,5857119,4001280,1855839,1400000,0.2926,0.18,10.3,206.1,2.5466,LONG,STOPPED,,
2026-08-28 23:03:29,79006,5104685,3318551,1786133,1400000,0.2905,0.18,10.3,206.1,2.5466,LONG,STOPPED,,
2026-08-28 23:03:31,79027,3810113,2010136,1799976,1400000,0.2612,0.18,18,200.4,2.2866,LONG,STOPPED,,
